Workbook

Sheet Data Validation
A3: Row Labels | B3: Count of Claim_ID | D3: Row Labels | E3: Count of Claim_ID
A4: Accident | B4: 743 | D4: Central | E4: 1188
A5: Baggage Loss | B5: 348 | D5: East | E5: 1459
A6: Critical Illness | B6: 726 | D6: North | E6: 1718
A7: Death Benefit | B7: 420 | D7: South | E7: 1763
A8: Disability | B8: 432 | D8: West | E8: 1872
A9: Fire | B9: 425 | D9: Grand Total | E9: 8000
A10: Hospitalisation | B10: 21
A11: Hospitalization | B11: 780
A12: Maturity | B12: 367
A13: Medical Emerg. | B13: 19
A14: Medical Emergency | B14: 330
A15: Outpatient | B15: 758
A16: Property Damage | B16: 404
A17: Property dmg | B17: 18
A18: Theft | B18: 1135
A19: Trip Cancellation | B19: 326
A20: Vehicle Damage | B20: 728
A21: Vehicle dmg | B21: 20
A22: Grand Total | B22: 8000

Sheet claims_raw
A1: Claim_ID | B1: Customer_ID | C1: Policy_ID | D1: Claim_Type | E1: Region | F1: Claim_Amount | G1: Claim_Date | H1: Settlement_Date | I1: Claim_Status | J1: Processing_Days | K1: SLA_Days | L1: Agent_ID | M1: Policy_Type | N1: Workflow | O1: Duplicate_check | P1: Amount_Validation | Q1: Customer_Region_Lookup | R1: Final_Region | S1: Standardized_Claim_Type | T1: SLA_Status | U1: Delay_Days
A2: CLM000001 | B2: CUST00261 | C2: POL02744 | D2: Accident | E2: South | F2: 83890.75 | G2: 45748 | H2: 45757 | I2: Settled | J2: 9 | K2: 10 | L2: AGT013 | M2: Motor | N2: Fast Track | O2: =COUNTIF($A:$A,A2) -> 1 | P2: =IF(F2="","Missing Amount","Valid") -> Valid | Q2: =_xlfn.XLOOKUP(B2,Customers!$A:$A,Customers!$C:$C,"Not Found") -> West | R2: =IF(E2="",Q2,E2) -> South | S2: =IF(D2="Hospitalisation","Hospitalization",IF(D2="Medical Emerg.","Medical Emergency",IF(D2="Property dmg","Property Damage",IF(D2="Vehicle dmg","Vehicle Damage",D2)))) -> Accident | T2: =IF(J2>K2,"SLA Breach","Within SLA") -> Within SLA | U2: =IF(J2>K2,J2-K2,0) -> 0
A3: CLM000002 | B3: CUST01743 | C3: POL03031 | D3: Disability | E3: West | F3: 460193.63 | G3: 45765 | H3: 45785 | I3: Settled | J3: 20 | K3: 20 | L3: AGT009 | M3: Life | N3: Standard | O3: =COUNTIF($A:$A,A3) -> 1 | P3: =IF(F3="","Missing Amount","Valid") -> Valid | Q3: =_xlfn.XLOOKUP(B3,Customers!$A:$A,Customers!$C:$C,"Not Found") -> East | R3: =IF(E3="",Q3,E3) -> West | S3: =IF(D3="Hospitalisation","Hospitalization",IF(D3="Medical Emerg.","Medical Emergency",IF(D3="Property dmg","Property Damage",IF(D3="Vehicle dmg","Vehicle Damage",D3)))) -> Disability | T3: =IF(J3>K3,"SLA Breach","Within SLA") -> Within SLA | U3: =IF(J3>K3,J3-K3,0) -> 0
A4: CLM000003 | B4: CUST01811 | C4: POL00282 | D4: Death Benefit | E4: South | F4: 987323.12 | G4: 45701 | H4: 45718 | I4: Settled | J4: 17 | K4: 20 | L4: AGT040 | M4: Life | N4: Standard | O4: =COUNTIF($A:$A,A4) -> 1 | P4: =IF(F4="","Missing Amount","Valid") -> Valid | Q4: =_xlfn.XLOOKUP(B4,Customers!$A:$A,Customers!$C:$C,"Not Found") -> East | R4: =IF(E4="",Q4,E4) -> South | S4: =IF(D4="Hospitalisation","Hospitalization",IF(D4="Medical Emerg.","Medical Emergency",IF(D4="Property dmg","Property Damage",IF(D4="Vehicle dmg","Vehicle Damage",D4)))) -> Death Benefit | T4: =IF(J4>K4,"SLA Breach","Within SLA") -> Within SLA | U4: =IF(J4>K4,J4-K4,0) -> 0
A5: CLM000004 | B5: CUST01475 | C5: POL00572 | D5: Death Benefit | E5: North | F5: 93726.48 | G5: 45796 | I5: Pending | J5: 24 | K5: 20 | L5: AGT061 | M5: Life | N5: Manual Review | O5: =COUNTIF($A:$A,A5) -> 1 | P5: =IF(F5="","Missing Amount","Valid") -> Valid | Q5: =_xlfn.XLOOKUP(B5,Customers!$A:$A,Customers!$C:$C,"Not Found") -> North | R5: =IF(E5="",Q5,E5) -> North | S5: =IF(D5="Hospitalisation","Hospitalization",IF(D5="Medical Emerg.","Medical Emergency",IF(D5="Property dmg","Property Damage",IF(D5="Vehicle dmg","Vehicle Damage",D5)))) -> Death Benefit | T5: =IF(J5>K5,"SLA Breach","Within SLA") -> SLA Breach | U5: =IF(J5>K5,J5-K5,0) -> 4
A6: CLM000005 | B6: CUST00556 | C6: POL02641 | D6: Theft | E6: North | F6: 124530.61 | G6: 45699 | H6: 45711 | I6: Rejected | J6: 12 | K6: 12 | L6: AGT053 | M6: Home | N6: Standard | O6: =COUNTIF($A:$A,A6) -> 1 | P6: =IF(F6="","Missing Amount","Valid") -> Valid | Q6: =_xlfn.XLOOKUP(B6,Customers!$A:$A,Customers!$C:$C,"Not Found") -> East | R6: =IF(E6="",Q6,E6) -> North | S6: =IF(D6="Hospitalisation","Hospitalization",IF(D6="Medical Emerg.","Medical Emergency",IF(D6="Property dmg","Property Damage",IF(D6="Vehicle dmg","Vehicle Damage",D6)))) -> Theft | T6: =IF(J6>K6,"SLA Breach","Within SLA") -> Within SLA | U6: =IF(J6>K6,J6-K6,0) -> 0
A7: CLM000006 | B7: CUST00712 | C7: POL00974 | D7: Hospitalization | E7: West | F7: 61375.46 | G7: 45671 | H7: 45686 | I7: Settled | J7: 15 | K7: 15 | L7: AGT064 | M7: Health | N7: Fast Track | O7: =COUNTIF($A:$A,A7) -> 1 | P7: =IF(F7="","Missing Amount","Valid") -> Valid | Q7: =_xlfn.XLOOKUP(B7,Customers!$A:$A,Customers!$C:$C,"Not Found") -> West | R7: =IF(E7="",Q7,E7) -> West | S7: =IF(D7="Hospitalisation","Hospitalization",IF(D7="Medical Emerg.","Medical Emergency",IF(D7="Property dmg","Property Damage",IF(D7="Vehicle dmg","Vehicle Damage",D7)))) -> Hospitalization | T7: =IF(J7>K7,"SLA Breach","Within SLA") -> Within SLA | U7: =IF(J7>K7,J7-K7,0) -> 0
A8: CLM000007 | B8: CUST01190 | C8: POL02002 | D8: Critical Illness | E8: South | F8: 82830.72 | G8: 45771 | H8: 45784 | I8: Settled | J8: 13 | K8: 15 | L8: AGT037 | M8: Health | N8: Standard | O8: =COUNTIF($A:$A,A8) -> 1 | P8: =IF(F8="","Missing Amount","Valid") -> Valid | Q8: =_xlfn.XLOOKUP(B8,Customers!$A:$A,Customers!$C:$C,"Not Found") -> South | R8: =IF(E8="",Q8,E8) -> South | S8: =IF(D8="Hospitalisation","Hospitalization",IF(D8="Medical Emerg.","Medical Emergency",IF(D8="Property dmg","Property Damage",IF(D8="Vehicle dmg","Vehicle Damage",D8)))) -> Critical Illness | T8: =IF(J8>K8,"SLA Breach","Within SLA") -> Within SLA | U8: =IF(J8>K8,J8-K8,0) -> 0
A9: CLM000008 | B9: CUST00563 | C9: POL01115 | D9: Hospitalization | E9: West | F9: 87525.1 | G9: 45942 | I9: Under Review | J9: 12 | K9: 15 | L9: AGT071 | M9: Health | N9: Standard | O9: =COUNTIF($A:$A,A9) -> 1 | P9: =IF(F9="","Missing Amount","Valid") -> Valid | Q9: =_xlfn.XLOOKUP(B9,Customers!$A:$A,Customers!$C:$C,"Not Found") -> South | R9: =IF(E9="",Q9,E9) -> West | S9: =IF(D9="Hospitalisation","Hospitalization",IF(D9="Medical Emerg.","Medical Emergency",IF(D9="Property dmg","Property Damage",IF(D9="Vehicle dmg","Vehicle Damage",D9)))) -> Hospitalization | T9: =IF(J9>K9,"SLA Breach","Within SLA") -> Within SLA | U9: =IF(J9>K9,J9-K9,0) -> 0
A10: CLM000009 | B10: CUST02359 | C10: POL00697 | D10: Property Damage | E10: North | F10: 90857.28 | G10: 45982 | H10: 46000 | I10: Settled | J10: 18 | K10: 12 | L10: AGT062 | M10: Home | N10: Standard | O10: =COUNTIF($A:$A,A10) -> 1 | P10: =IF(F10="","Missing Amount","Valid") -> Valid | Q10: =_xlfn.XLOOKUP(B10,Customers!$A:$A,Customers!$C:$C,"Not Found") -> North | R10: =IF(E10="",Q10,E10) -> North | S10: =IF(D10="Hospitalisation","Hospitalization",IF(D10="Medical Emerg.","Medical Emergency",IF(D10="Property dmg","Property Damage",IF(D10="Vehicle dmg","Vehicle Damage",D10)))) -> Property Damage | T10: =IF(J10>K10,"SLA Breach","Within SLA") -> SLA Breach | U10: =IF(J10>K10,J10-K10,0) -> 6
A11: CLM000010 | B11: CUST00688 | C11: POL02000 | D11: Hospitalization | E11: East | F11: 41926.34 | G11: 45946 | H11: 45950 | I11: Settled | J11: 4 | K11: 15 | L11: AGT004 | M11: Health | N11: Fast Track | O11: =COUNTIF($A:$A,A11) -> 1 | P11: =IF(F11="","Missing Amount","Valid") -> Valid | Q11: =_xlfn.XLOOKUP(B11,Customers!$A:$A,Customers!$C:$C,"Not Found") -> Central | R11: =IF(E11="",Q11,E11) -> East | S11: =IF(D11="Hospitalisation","Hospitalization",IF(D11="Medical Emerg.","Medical Emergency",IF(D11="Property dmg","Property Damage",IF(D11="Vehicle dmg","Vehicle Damage",D11)))) -> Hospitalization | T11: =IF(J11>K11,"SLA Breach","Within SLA") -> Within SLA | U11: =IF(J11>K11,J11-K11,0) -> 0
A12: CLM000011 | B12: CUST01734 | C12: POL00658 | D12: Theft | E12: North | F12: 56713.74 | G12: 45977 | H12: 45994 | I12: Settled | J12: 17 | K12: 12 | L12: AGT041 | M12: Home | N12: Manual Review | O12: =COUNTIF($A:$A,A12) -> 1 | P12: =IF(F12="","Missing Amount","Valid") -> Valid | Q12: =_xlfn.XLOOKUP(B12,Customers!$A:$A,Customers!$C:$C,"Not Found") -> West | R12: =IF(E12="",Q12,E12) -> North | S12: =IF(D12="Hospitalisation","Hospitalization",IF(D12="Medical Emerg.","Medical Emergency",IF(D12="Property dmg","Property Damage",IF(D12="Vehicle dmg","Vehicle Damage",D12)))) -> Theft | T12: =IF(J12>K12,"SLA Breach","Within SLA") -> SLA Breach | U12: =IF(J12>K12,J12-K12,0) -> 5
A13: CLM000012 | B13: CUST00945 | C13: POL00437 | D13: Death Benefit | E13: South | F13: 1194437 | G13: 45949 | I13: Pending | J13: 27 | K13: 20 | L13: AGT078 | M13: Life | N13: Manual Review | O13: =COUNTIF($A:$A,A13) -> 1 | P13: =IF(F13="","Missing Amount","Valid") -> Valid | Q13: =_xlfn.XLOOKUP(B13,Customers!$A:$A,Customers!$C:$C,"Not Found") -> Central | R13: =IF(E13="",Q13,E13) -> South | S13: =IF(D13="Hospitalisation","Hospitalization",IF(D13="Medical Emerg.","Medical Emergency",IF(D13="Property dmg","Property Damage",IF(D13="Vehicle dmg","Vehicle Damage",D13)))) -> Death Benefit | T13: =IF(J13>K13,"SLA Breach","Within SLA") -> SLA Breach | U13: =IF(J13>K13,J13-K13,0) -> 7
A14: CLM000013 | B14: CUST01458 | C14: POL01698 | D14: Accident | E14: East | F14: 26479.35 | G14: 45876 | H14: 45901 | I14: Settled | J14: 25 | K14: 10 | L14: AGT059 | M14: Motor | N14: Fraud Review | O14: =COUNTIF($A:$A,A14) -> 1 | P14: =IF(F14="","Missing Amount","Valid") -> Valid | Q14: =_xlfn.XLOOKUP(B14,Customers!$A:$A,Customers!$C:$C,"Not Found") -> Central | R14: =IF(E14="",Q14,E14) -> East | S14: =IF(D14="Hospitalisation","Hospitalization",IF(D14="Medical Emerg.","Medical Emergency",IF(D14="Property dmg","Property Damage",IF(D14="Vehicle dmg","Vehicle Damage",D14)))) -> Accident | T14: =IF(J14>K14,"SLA Breach","Within SLA") -> SLA Breach | U14: =IF(J14>K14,J14-K14,0) -> 15
A15: CLM000014 | B15: CUST01843 | C15: POL00619 | D15: Baggage Loss | E15: North | F15: 66587.41 | G15: 45718 | I15: Pending | J15: 8 | K15: 7 | L15: AGT066 | M15: Travel | N15: Standard | O15: =COUNTIF($A:$A,A15) -> 1 | P15: =IF(F15="","Missing Amount","Valid") -> Valid | Q15: =_xlfn.XLOOKUP(B15,Customers!$A:$A,Customers!$C:$C,"Not Found") -> East | R15: =IF(E15="",Q15,E15) -> North | S15: =IF(D15="Hospitalisation","Hospitalization",IF(D15="Medical Emerg.","Medical Emergency",IF(D15="Property dmg","Property Damage",IF(D15="Vehicle dmg","Vehicle Damage",D15)))) -> Baggage Loss | T15: =IF(J15>K15,"SLA Breach","Within SLA") -> SLA Breach | U15: =IF(J15>K15,J15-K15,0) -> 1
A16: CLM000015 | B16: CUST01312 | C16: POL00616 | D16: Theft | E16: South | F16: 33168.94 | G16: 45928 | H16: 45937 | I16: Settled | J16: 9 | K16: 10 | L16: AGT058 | M16: Motor | N16: Fast Track | O16: =COUNTIF($A:$A,A16) -> 1 | P16: =IF(F16="","Missing Amount","Valid") -> Valid | Q16: =_xlfn.XLOOKUP(B16,Customers!$A:$A,Customers!$C:$C,"Not Found") -> North | R16: =IF(E16="",Q16,E16) -> South | S16: =IF(D16="Hospitalisation","Hospitalization",IF(D16="Medical Emerg.","Medical Emergency",IF(D16="Property dmg","Property Damage",IF(D16="Vehicle dmg","Vehicle Damage",D16)))) -> Theft | T16: =IF(J16>K16,"SLA Breach","Within SLA") -> Within SLA | U16: =IF(J16>K16,J16-K16,0) -> 0
A17: CLM000016 | B17: CUST02196 | C17: POL02498 | D17: Maturity | E17: East | F17: 319188.49 | G17: 45984 | H17: 46004 | I17: Settled | J17: 20 | K17: 20 | L17: AGT049 | M17: Life | N17: Standard | O17: =COUNTIF($A:$A,A17) -> 1 | P17: =IF(F17="","Missing Amount","Valid") -> Valid | Q17: =_xlfn.XLOOKUP(B17,Customers!$A:$A,Customers!$C:$C,"Not Found") -> West | R17: =IF(E17="",Q17,E17) -> East | S17: =IF(D17="Hospitalisation","Hospitalization",IF(D17="Medical Emerg.","Medical Emergency",IF(D17="Property dmg","Property Damage",IF(D17="Vehicle dmg","Vehicle Damage",D17)))) -> Maturity | T17: =IF(J17>K17,"SLA Breach","Within SLA") -> Within SLA | U17: =IF(J17>K17,J17-K17,0) -> 0
A18: CLM000017 | B18: CUST01665 | C18: POL01692 | D18: Accident | E18: West | F18: 233621.8 | G18: 45823 | I18: Pending | J18: 28 | K18: 10 | L18: AGT027 | M18: Motor | N18: Fraud Review | O18: =COUNTIF($A:$A,A18) -> 1 | P18: =IF(F18="","Missing Amount","Valid") -> Valid | Q18: =_xlfn.XLOOKUP(B18,Customers!$A:$A,Customers!$C:$C,"Not Found") -> West | R18: =IF(E18="",Q18,E18) -> West | S18: =IF(D18="Hospitalisation","Hospitalization",IF(D18="Medical Emerg.","Medical Emergency",IF(D18="Property dmg","Property Damage",IF(D18="Vehicle dmg","Vehicle Damage",D18)))) -> Accident | T18: =IF(J18>K18,"SLA Breach","Within SLA") -> SLA Breach | U18: =IF(J18>K18,J18-K18,0) -> 18
A19: CLM000018 | B19: CUST00338 | C19: POL01735 | D19: Fire | E19: West | F19: 184402.86 | G19: 45878 | I19: Under Review | J19: 12 | K19: 12 | L19: AGT006 | M19: Home | N19: Manual Review | O19: =COUNTIF($A:$A,A19) -> 1 | P19: =IF(F19="","Missing Amount","Valid") -> Valid | Q19: =_xlfn.XLOOKUP(B19,Customers!$A:$A,Customers!$C:$C,"Not Found") -> South | R19: =IF(E19="",Q19,E19) -> West | S19: =IF(D19="Hospitalisation","Hospitalization",IF(D19="Medical Emerg.","Medical Emergency",IF(D19="Property dmg","Property Damage",IF(D19="Vehicle dmg","Vehicle Damage",D19)))) -> Fire | T19: =IF(J19>K19,"SLA Breach","Within SLA") -> Within SLA | U19: =IF(J19>K19,J19-K19,0) -> 0
A20: CLM000019 | B20: CUST00294 | C20: POL00459 | D20: Medical Emergency | E20: North | F20: 11780.23 | G20: 45786 | I20: Pending | J20: 1 | K20: 7 | L20: AGT025 | M20: Travel | N20: Standard | O20: =COUNTIF($A:$A,A20) -> 1 | P20: =IF(F20="","Missing Amount","Valid") -> Valid | Q20: =_xlfn.XLOOKUP(B20,Customers!$A:$A,Customers!$C:$C,"Not Found") -> Central | R20: =IF(E20="",Q20,E20) -> North | S20: =IF(D20="Hospitalisation","Hospitalization",IF(D20="Medical Emerg.","Medical Emergency",IF(D20="Property dmg","Property Damage",IF(D20="Vehicle dmg","Vehicle Damage",D20)))) -> Medical Emergency | T20: =IF(J20>K20,"SLA Breach","Within SLA") -> Within SLA | U20: =IF(J20>K20,J20-K20,0) -> 0
A21: CLM000020 | B21: CUST01888 | C21: POL00514 | D21: Medical Emergency | E21: North | F21: 24098.03 | G21: 45856 | H21: 45876 | I21: Settled | J21: 20 | K21: 7 | L21: AGT020 | M21: Travel | N21: Fraud Review | O21: =COUNTIF($A:$A,A21) -> 1 | P21: =IF(F21="","Missing Amount","Valid") -> Valid | Q21: =_xlfn.XLOOKUP(B21,Customers!$A:$A,Customers!$C:$C,"Not Found") -> North | R21: =IF(E21="",Q21,E21) -> North | S21: =IF(D21="Hospitalisation","Hospitalization",IF(D21="Medical Emerg.","Medical Emergency",IF(D21="Property dmg","Property Damage",IF(D21="Vehicle dmg","Vehicle Damage",D21)))) -> Medical Emergency | T21: =IF(J21>K21,"SLA Breach","Within SLA") -> SLA Breach | U21: =IF(J21>K21,J21-K21,0) -> 13
A22: CLM000021 | B22: CUST01725 | C22: POL01251 | D22: Theft | E22: South | F22: 63916.2 | G22: 45665 | H22: 45679 | I22: Settled | J22: 14 | K22: 10 | L22: AGT058 | M22: Motor | N22: Manual Review | O22: =COUNTIF($A:$A,A22) -> 1 | P22: =IF(F22="","Missing Amount","Valid") -> Valid | Q22: =_xlfn.XLOOKUP(B22,Customers!$A:$A,Customers!$C:$C,"Not Found") -> North | R22: =IF(E22="",Q22,E22) -> South | S22: =IF(D22="Hospitalisation","Hospitalization",IF(D22="Medical Emerg.","Medical Emergency",IF(D22="Property dmg","Property Damage",IF(D22="Vehicle dmg","Vehicle Damage",D22)))) -> Theft | T22: =IF(J22>K22,"SLA Breach","Within SLA") -> SLA Breach | U22: =IF(J22>K22,J22-K22,0) -> 4
A23: CLM000022 | B23: CUST01395 | C23: POL01243 | D23: Property Damage | E23: South | F23: 214938.27 | G23: 45899 | H23: 45917 | I23: Settled | J23: 18 | K23: 12 | L23: AGT028 | M23: Home | N23: Standard | O23: =COUNTIF($A:$A,A23) -> 1 | P23: =IF(F23="","Missing Amount","Valid") -> Valid | Q23: =_xlfn.XLOOKUP(B23,Customers!$A:$A,Customers!$C:$C,"Not Found") -> Central | R23: =IF(E23="",Q23,E23) -> South | S23: =IF(D23="Hospitalisation","Hospitalization",IF(D23="Medical Emerg.","Medical Emergency",IF(D23="Property dmg","Property Damage",IF(D23="Vehicle dmg","Vehicle Damage",D23)))) -> Property Damage | T23: =IF(J23>K23,"SLA Breach","Within SLA") -> SLA Breach | U23: =IF(J23>K23,J23-K23,0) -> 6
A24: CLM000023 | B24: CUST02219 | C24: POL01446 | D24: Baggage Loss | E24: South | F24: 30935.87 | G24: 45831 | I24: Under Review | J24: 21 | K24: 7 | L24: AGT029 | M24: Travel | N24: Manual Review | O24: =COUNTIF($A:$A,A24) -> 1 | P24: =IF(F24="","Missing Amount","Valid") -> Valid | Q24: =_xlfn.XLOOKUP(B24,Customers!$A:$A,Customers!$C:$C,"Not Found") -> East | R24: =IF(E24="",Q24,E24) -> South | S24: =IF(D24="Hospitalisation","Hospitalization",IF(D24="Medical Emerg.","Medical Emergency",IF(D24="Property dmg","Property Damage",IF(D24="Vehicle dmg","Vehicle Damage",D24)))) -> Baggage Loss | T24: =IF(J24>K24,"SLA Breach","Within SLA") -> SLA Breach | U24: =IF(J24>K24,J24-K24,0) -> 14
A25: CLM000024 | B25: CUST02143 | C25: POL00431 | D25: Baggage Loss | E25: South | F25: 27056.64 | G25: 45910 | H25: 45913 | I25: Settled | J25: 3 | K25: 7 | L25: AGT069 | M25: Travel | N25: Standard | O25: =COUNTIF($A:$A,A25) -> 1 | P25: =IF(F25="","Missing Amount","Valid") -> Valid | Q25: =_xlfn.XLOOKUP(B25,Customers!$A:$A,Customers!$C:$C,"Not Found") -> East | R25: =IF(E25="",Q25,E25) -> South | S25: =IF(D25="Hospitalisation","Hospitalization",IF(D25="Medical Emerg.","Medical Emergency",IF(D25="Property dmg","Property Damage",IF(D25="Vehicle dmg","Vehicle Damage",D25)))) -> Baggage Loss | T25: =IF(J25>K25,"SLA Breach","Within SLA") -> Within SLA | U25: =IF(J25>K25,J25-K25,0) -> 0
A26: CLM000025 | B26: CUST01896 | C26: POL02875 | D26: Death Benefit | E26: South | F26: 917601.23 | G26: 45783 | I26: Pending | J26: 25 | K26: 20 | L26: AGT016 | M26: Life | N26: Fraud Review | O26: =COUNTIF($A:$A,A26) -> 1 | P26: =IF(F26="","Missing Amount","Valid") -> Valid | Q26: =_xlfn.XLOOKUP(B26,Customers!$A:$A,Customers!$C:$C,"Not Found") -> South | R26: =IF(E26="",Q26,E26) -> South | S26: =IF(D26="Hospitalisation","Hospitalization",IF(D26="Medical Emerg.","Medical Emergency",IF(D26="Property dmg","Property Damage",IF(D26="Vehicle dmg","Vehicle Damage",D26)))) -> Death Benefit | T26: =IF(J26>K26,"SLA Breach","Within SLA") -> SLA Breach | U26: =IF(J26>K26,J26-K26,0) -> 5
A27: CLM000026 | B27: CUST01337 | C27: POL01161 | D27: Theft | E27: East | F27: 307261.32 | G27: 45796 | I27: Pending | J27: 25 | K27: 12 | L27: AGT061 | M27: Home | N27: Fraud Review | O27: =COUNTIF($A:$A,A27) -> 1 | P27: =IF(F27="","Missing Amount","Valid") -> Valid | Q27: =_xlfn.XLOOKUP(B27,Customers!$A:$A,Customers!$C:$C,"Not Found") -> West | R27: =IF(E27="",Q27,E27) -> East | S27: =IF(D27="Hospitalisation","Hospitalization",IF(D27="Medical Emerg.","Medical Emergency",IF(D27="Property dmg","Property Damage",IF(D27="Vehicle dmg","Vehicle Damage",D27)))) -> Theft | T27: =IF(J27>K27,"SLA Breach","Within SLA") -> SLA Breach | U27: =IF(J27>K27,J27-K27,0) -> 13
A28: CLM000027 | B28: CUST01165 | C28: POL02612 | D28: Accident | E28: North | F28: 102362.34 | G28: 45706 | I28: Pending | J28: 6 | K28: 10 | L28: AGT029 | M28: Motor | N28: Standard | O28: =COUNTIF($A:$A,A28) -> 1 | P28: =IF(F28="","Missing Amount","Valid") -> Valid | Q28: =_xlfn.XLOOKUP(B28,Customers!$A:$A,Customers!$C:$C,"Not Found") -> South | R28: =IF(E28="",Q28,E28) -> North | S28: =IF(D28="Hospitalisation","Hospitalization",IF(D28="Medical Emerg.","Medical Emergency",IF(D28="Property dmg","Property Damage",IF(D28="Vehicle dmg","Vehicle Damage",D28)))) -> Accident | T28: =IF(J28>K28,"SLA Breach","Within SLA") -> Within SLA | U28: =IF(J28>K28,J28-K28,0) -> 0
A29: CLM000028 | B29: CUST01648 | C29: POL01281 | D29: Hospitalization | E29: South | F29: 56581.21 | G29: 45853 | H29: 45865 | I29: Settled | J29: 12 | K29: 15 | L29: AGT076 | M29: Health | N29: Standard | O29: =COUNTIF($A:$A,A29) -> 1 | P29: =IF(F29="","Missing Amount","Valid") -> Valid | Q29: =_xlfn.XLOOKUP(B29,Customers!$A:$A,Customers!$C:$C,"Not Found") -> West | R29: =IF(E29="",Q29,E29) -> South | S29: =IF(D29="Hospitalisation","Hospitalization",IF(D29="Medical Emerg.","Medical Emergency",IF(D29="Property dmg","Property Damage",IF(D29="Vehicle dmg","Vehicle Damage",D29)))) -> Hospitalization | T29: =IF(J29>K29,"SLA Breach","Within SLA") -> Within SLA | U29: =IF(J29>K29,J29-K29,0) -> 0
A30: CLM000029 | B30: CUST00260 | C30: POL01511 | D30: Vehicle Damage | E30: South | F30: 11600.71 | G30: 45965 | H30: 45972 | I30: Settled | J30: 7 | K30: 10 | L30: AGT077 | M30: Motor | N30: Standard | O30: =COUNTIF($A:$A,A30) -> 1 | P30: =IF(F30="","Missing Amount","Valid") -> Valid | Q30: =_xlfn.XLOOKUP(B30,Customers!$A:$A,Customers!$C:$C,"Not Found") -> East | R30: =IF(E30="",Q30,E30) -> South | S30: =IF(D30="Hospitalisation","Hospitalization",IF(D30="Medical Emerg.","Medical Emergency",IF(D30="Property dmg","Property Damage",IF(D30="Vehicle dmg","Vehicle Damage",D30)))) -> Vehicle Damage | T30: =IF(J30>K30,"SLA Breach","Within SLA") -> Within SLA | U30: =IF(J30>K30,J30-K30,0) -> 0
A31: CLM000030 | B31: CUST01115 | C31: POL00359 | D31: Hospitalization | E31: South | F31: 37012.64 | G31: 45853 | H31: 45866 | I31: Settled | J31: 13 | K31: 15 | L31: AGT034 | M31: Health | N31: Manual Review | O31: =COUNTIF($A:$A,A31) -> 1 | P31: =IF(F31="","Missing Amount","Valid") -> Valid | Q31: =_xlfn.XLOOKUP(B31,Customers!$A:$A,Customers!$C:$C,"Not Found") -> East | R31: =IF(E31="",Q31,E31) -> South | S31: =IF(D31="Hospitalisation","Hospitalization",IF(D31="Medical Emerg.","Medical Emergency",IF(D31="Property dmg","Property Damage",IF(D31="Vehicle dmg","Vehicle Damage",D31)))) -> Hospitalization | T31: =IF(J31>K31,"SLA Breach","Within SLA") -> Within SLA | U31: =IF(J31>K31,J31-K31,0) -> 0
A32: CLM000031 | B32: CUST00862 | C32: POL02166 | D32: Property Damage | E32: West | F32: 40326.41 | G32: 45957 | H32: 45970 | I32: Settled | J32: 13 | K32: 12 | L32: AGT063 | M32: Home | N32: Fast Track | O32: =COUNTIF($A:$A,A32) -> 1 | P32: =IF(F32="","Missing Amount","Valid") -> Valid | Q32: =_xlfn.XLOOKUP(B32,Customers!$A:$A,Customers!$C:$C,"Not Found") -> South | R32: =IF(E32="",Q32,E32) -> West | S32: =IF(D32="Hospitalisation","Hospitalization",IF(D32="Medical Emerg.","Medical Emergency",IF(D32="Property dmg","Property Damage",IF(D32="Vehicle dmg","Vehicle Damage",D32)))) -> Property Damage | T32: =IF(J32>K32,"SLA Breach","Within SLA") -> SLA Breach | U32: =IF(J32>K32,J32-K32,0) -> 1
A33: CLM000032 | B33: CUST00688 | C33: POL00192 | D33: Maturity | E33: South | F33: 288302.89 | G33: 45660 | H33: 45688 | I33: Settled | J33: 28 | K33: 20 | L33: AGT074 | M33: Life | N33: Manual Review | O33: =COUNTIF($A:$A,A33) -> 1 | P33: =IF(F33="","Missing Amount","Valid") -> Valid | Q33: =_xlfn.XLOOKUP(B33,Customers!$A:$A,Customers!$C:$C,"Not Found") -> Central | R33: =IF(E33="",Q33,E33) -> South | S33: =IF(D33="Hospitalisation","Hospitalization",IF(D33="Medical Emerg.","Medical Emergency",IF(D33="Property dmg","Property Damage",IF(D33="Vehicle dmg","Vehicle Damage",D33)))) -> Maturity | T33: =IF(J33>K33,"SLA Breach","Within SLA") -> SLA Breach | U33: =IF(J33>K33,J33-K33,0) -> 8
A34: CLM000033 | B34: CUST01245 | C34: POL02394 | D34: Accident | E34: North | F34: 119585.73 | G34: 45904 | H34: 45934 | I34: Settled | J34: 30 | K34: 10 | L34: AGT049 | M34: Motor | N34: Fraud Review | O34: =COUNTIF($A:$A,A34) -> 1 | P34: =IF(F34="","Missing Amount","Valid") -> Valid | Q34: =_xlfn.XLOOKUP(B34,Customers!$A:$A,Customers!$C:$C,"Not Found") -> North | R34: =IF(E34="",Q34,E34) -> North | S34: =IF(D34="Hospitalisation","Hospitalization",IF(D34="Medical Emerg.","Medical Emergency",IF(D34="Property dmg","Property Damage",IF(D34="Vehicle dmg","Vehicle Damage",D34)))) -> Accident | T34: =IF(J34>K34,"SLA Breach","Within SLA") -> SLA Breach | U34: =IF(J34>K34,J34-K34,0) -> 20
A35: CLM000034 | B35: CUST00978 | C35: POL02822 | D35: Accident | E35: Central | F35: 234785.03 | G35: 45661 | I35: Under Review | J35: 14 | K35: 10 | L35: AGT072 | M35: Motor | N35: Manual Review | O35: =COUNTIF($A:$A,A35) -> 1 | P35: =IF(F35="","Missing Amount","Valid") -> Valid | Q35: =_xlfn.XLOOKUP(B35,Customers!$A:$A,Customers!$C:$C,"Not Found") -> Central | R35: =IF(E35="",Q35,E35) -> Central | S35: =IF(D35="Hospitalisation","Hospitalization",IF(D35="Medical Emerg.","Medical Emergency",IF(D35="Property dmg","Property Damage",IF(D35="Vehicle dmg","Vehicle Damage",D35)))) -> Accident | T35: =IF(J35>K35,"SLA Breach","Within SLA") -> SLA Breach | U35: =IF(J35>K35,J35-K35,0) -> 4
A36: CLM000035 | B36: CUST02199 | C36: POL01158 | D36: Accident | E36: South | F36: 148745.03 | G36: 45801 | H36: 45814 | I36: Settled | J36: 13 | K36: 10 | L36: AGT055 | M36: Motor | N36: Standard | O36: =COUNTIF($A:$A,A36) -> 1 | P36: =IF(F36="","Missing Amount","Valid") -> Valid | Q36: =_xlfn.XLOOKUP(B36,Customers!$A:$A,Customers!$C:$C,"Not Found") -> East | R36: =IF(E36="",Q36,E36) -> South | S36: =IF(D36="Hospitalisation","Hospitalization",IF(D36="Medical Emerg.","Medical Emergency",IF(D36="Property dmg","Property Damage",IF(D36="Vehicle dmg","Vehicle Damage",D36)))) -> Accident | T36: =IF(J36>K36,"SLA Breach","Within SLA") -> SLA Breach | U36: =IF(J36>K36,J36-K36,0) -> 3
A37: CLM000036 | B37: CUST01363 | C37: POL02841 | D37: Trip Cancellation | E37: North | F37: 18913.75 | G37: 45815 | H37: 45817 | I37: Settled | J37: 2 | K37: 7 | L37: AGT002 | M37: Travel | N37: Fast Track | O37: =COUNTIF($A:$A,A37) -> 1 | P37: =IF(F37="","Missing Amount","Valid") -> Valid | Q37: =_xlfn.XLOOKUP(B37,Customers!$A:$A,Customers!$C:$C,"Not Found") -> West | R37: =IF(E37="",Q37,E37) -> North | S37: =IF(D37="Hospitalisation","Hospitalization",IF(D37="Medical Emerg.","Medical Emergency",IF(D37="Property dmg","Property Damage",IF(D37="Vehicle dmg","Vehicle Damage",D37)))) -> Trip Cancellation | T37: =IF(J37>K37,"SLA Breach","Within SLA") -> Within SLA | U37: =IF(J37>K37,J37-K37,0) -> 0
A38: CLM000037 | B38: CUST02342 | C38: POL02237 | D38: Disability | E38: West | F38: 353844.62 | G38: 45814 | H38: 45830 | I38: Settled | J38: 16 | K38: 20 | L38: AGT049 | M38: Life | N38: Standard | O38: =COUNTIF($A:$A,A38) -> 1 | P38: =IF(F38="","Missing Amount","Valid") -> Valid | Q38: =_xlfn.XLOOKUP(B38,Customers!$A:$A,Customers!$C:$C,"Not Found") -> South | R38: =IF(E38="",Q38,E38) -> West | S38: =IF(D38="Hospitalisation","Hospitalization",IF(D38="Medical Emerg.","Medical Emergency",IF(D38="Property dmg","Property Damage",IF(D38="Vehicle dmg","Vehicle Damage",D38)))) -> Disability | T38: =IF(J38>K38,"SLA Breach","Within SLA") -> Within SLA | U38: =IF(J38>K38,J38-K38,0) -> 0
A39: CLM000038 | B39: CUST00238 | C39: POL00009 | D39: Vehicle Damage | E39: West | F39: 84427.63 | G39: 45844 | H39: 45852 | I39: Settled | J39: 8 | K39: 10 | L39: AGT020 | M39: Motor | N39: Standard | O39: =COUNTIF($A:$A,A39) -> 1 | P39: =IF(F39="","Missing Amount","Valid") -> Valid | Q39: =_xlfn.XLOOKUP(B39,Customers!$A:$A,Customers!$C:$C,"Not Found") -> East | R39: =IF(E39="",Q39,E39) -> West | S39: =IF(D39="Hospitalisation","Hospitalization",IF(D39="Medical Emerg.","Medical Emergency",IF(D39="Property dmg","Property Damage",IF(D39="Vehicle dmg","Vehicle Damage",D39)))) -> Vehicle Damage | T39: =IF(J39>K39,"SLA Breach","Within SLA") -> Within SLA | U39: =IF(J39>K39,J39-K39,0) -> 0
A40: CLM000039 | B40: CUST01945 | C40: POL00650 | D40: Disability | E40: Central | F40: 108866.96 | G40: 45914 | H40: 45929 | I40: Settled | J40: 15 | K40: 20 | L40: AGT048 | M40: Life | N40: Standard | O40: =COUNTIF($A:$A,A40) -> 1 | P40: =IF(F40="","Missing Amount","Valid") -> Valid | Q40: =_xlfn.XLOOKUP(B40,Customers!$A:$A,Customers!$C:$C,"Not Found") -> North | R40: =IF(E40="",Q40,E40) -> Central | S40: =IF(D40="Hospitalisation","Hospitalization",IF(D40="Medical Emerg.","Medical Emergency",IF(D40="Property dmg","Property Damage",IF(D40="Vehicle dmg","Vehicle Damage",D40)))) -> Disability | T40: =IF(J40>K40,"SLA Breach","Within SLA") -> Within SLA | U40: =IF(J40>K40,J40-K40,0) -> 0
A41: CLM000040 | B41: CUST00168 | C41: POL02052 | D41: Theft | E41: Central | F41: 36837.85 | G41: 45894 | H41: 45904 | I41: Settled | J41: 10 | K41: 10 | L41: AGT064 | M41: Motor | N41: Standard | O41: =COUNTIF($A:$A,A41) -> 1 | P41: =IF(F41="","Missing Amount","Valid") -> Valid | Q41: =_xlfn.XLOOKUP(B41,Customers!$A:$A,Customers!$C:$C,"Not Found") -> North | R41: =IF(E41="",Q41,E41) -> Central | S41: =IF(D41="Hospitalisation","Hospitalization",IF(D41="Medical Emerg.","Medical Emergency",IF(D41="Property dmg","Property Damage",IF(D41="Vehicle dmg","Vehicle Damage",D41)))) -> Theft | T41: =IF(J41>K41,"SLA Breach","Within SLA") -> Within SLA | U41: =IF(J41>K41,J41-K41,0) -> 0
A42: CLM000041 | B42: CUST01059 | C42: POL02246 | D42: Theft | E42: West | F42: 49126.82 | G42: 45675 | H42: 45694 | I42: Settled | J42: 19 | K42: 10 | L42: AGT016 | M42: Motor | N42: Manual Review | O42: =COUNTIF($A:$A,A42) -> 1 | P42: =IF(F42="","Missing Amount","Valid") -> Valid | Q42: =_xlfn.XLOOKUP(B42,Customers!$A:$A,Customers!$C:$C,"Not Found") -> West | R42: =IF(E42="",Q42,E42) -> West | S42: =IF(D42="Hospitalisation","Hospitalization",IF(D42="Medical Emerg.","Medical Emergency",IF(D42="Property dmg","Property Damage",IF(D42="Vehicle dmg","Vehicle Damage",D42)))) -> Theft | T42: =IF(J42>K42,"SLA Breach","Within SLA") -> SLA Breach | U42: =IF(J42>K42,J42-K42,0) -> 9
A43: CLM000042 | B43: CUST01353 | C43: POL00300 | D43: Hospitalisation | E43: North | F43: 339377.96 | G43: 45909 | H43: 45916 | I43: Settled | J43: 7 | K43: 15 | L43: AGT054 | M43: Health | N43: Standard | O43: =COUNTIF($A:$A,A43) -> 1 | P43: =IF(F43="","Missing Amount","Valid") -> Valid | Q43: =_xlfn.XLOOKUP(B43,Customers!$A:$A,Customers!$C:$C,"Not Found") -> South | R43: =IF(E43="",Q43,E43) -> North | S43: =IF(D43="Hospitalisation","Hospitalization",IF(D43="Medical Emerg.","Medical Emergency",IF(D43="Property dmg","Property Damage",IF(D43="Vehicle dmg","Vehicle Damage",D43)))) -> Hospitalization | T43: =IF(J43>K43,"SLA Breach","Within SLA") -> Within SLA | U43: =IF(J43>K43,J43-K43,0) -> 0
A44: CLM000043 | B44: CUST02046 | C44: POL02191 | D44: Theft | E44: East | F44: 141411.72 | G44: 45790 | I44: Under Review | J44: 19 | K44: 12 | L44: AGT044 | M44: Home | N44: Standard | O44: =COUNTIF($A:$A,A44) -> 1 | P44: =IF(F44="","Missing Amount","Valid") -> Valid | Q44: =_xlfn.XLOOKUP(B44,Customers!$A:$A,Customers!$C:$C,"Not Found") -> South | R44: =IF(E44="",Q44,E44) -> East | S44: =IF(D44="Hospitalisation","Hospitalization",IF(D44="Medical Emerg.","Medical Emergency",IF(D44="Property dmg","Property Damage",IF(D44="Vehicle dmg","Vehicle Damage",D44)))) -> Theft | T44: =IF(J44>K44,"SLA Breach","Within SLA") -> SLA Breach | U44: =IF(J44>K44,J44-K44,0) -> 7
A45: CLM000044 | B45: CUST00275 | C45: POL02593 | D45: Critical Illness | E45: North | F45: 36167.66 | G45: 45853 | H45: 45867 | I45: Settled | J45: 14 | K45: 15 | L45: AGT018 | M45: Health | N45: Standard | O45: =COUNTIF($A:$A,A45) -> 1 | P45: =IF(F45="","Missing Amount","Valid") -> Valid | Q45: =_xlfn.XLOOKUP(B45,Customers!$A:$A,Customers!$C:$C,"Not Found") -> West | R45: =IF(E45="",Q45,E45) -> North | S45: =IF(D45="Hospitalisation","Hospitalization",IF(D45="Medical Emerg.","Medical Emergency",IF(D45="Property dmg","Property Damage",IF(D45="Vehicle dmg","Vehicle Damage",D45)))) -> Critical Illness | T45: =IF(J45>K45,"SLA Breach","Within SLA") -> Within SLA | U45: =IF(J45>K45,J45-K45,0) -> 0
A46: CLM000045 | B46: CUST02028 | C46: POL00295 | D46: Outpatient | E46: East | F46: 64489.8 | G46: 45964 | H46: 45979 | I46: Settled | J46: 15 | K46: 15 | L46: AGT061 | M46: Health | N46: Standard | O46: =COUNTIF($A:$A,A46) -> 1 | P46: =IF(F46="","Missing Amount","Valid") -> Valid | Q46: =_xlfn.XLOOKUP(B46,Customers!$A:$A,Customers!$C:$C,"Not Found") -> West | R46: =IF(E46="",Q46,E46) -> East | S46: =IF(D46="Hospitalisation","Hospitalization",IF(D46="Medical Emerg.","Medical Emergency",IF(D46="Property dmg","Property Damage",IF(D46="Vehicle dmg","Vehicle Damage",D46)))) -> Outpatient | T46: =IF(J46>K46,"SLA Breach","Within SLA") -> Within SLA | U46: =IF(J46>K46,J46-K46,0) -> 0
A47: CLM000046 | B47: CUST00268 | C47: POL02815 | D47: Hospitalization | E47: Central | F47: 113791.99 | G47: 45752 | H47: 45770 | I47: Settled | J47: 18 | K47: 15 | L47: AGT063 | M47: Health | N47: Standard | O47: =COUNTIF($A:$A,A47) -> 1 | P47: =IF(F47="","Missing Amount","Valid") -> Valid | Q47: =_xlfn.XLOOKUP(B47,Customers!$A:$A,Customers!$C:$C,"Not Found") -> West | R47: =IF(E47="",Q47,E47) -> Central | S47: =IF(D47="Hospitalisation","Hospitalization",IF(D47="Medical Emerg.","Medical Emergency",IF(D47="Property dmg","Property Damage",IF(D47="Vehicle dmg","Vehicle Damage",D47)))) -> Hospitalization | T47: =IF(J47>K47,"SLA Breach","Within SLA") -> SLA Breach | U47: =IF(J47>K47,J47-K47,0) -> 3
A48: CLM000047 | B48: CUST01528 | C48: POL01706 | D48: Baggage Loss | E48: North | G48: 45861 | H48: 45865 | I48: Settled | J48: 4 | K48: 7 | L48: AGT001 | M48: Travel | N48: Fast Track | O48: =COUNTIF($A:$A,A48) -> 1 | P48: =IF(F48="","Missing Amount","Valid") -> Missing Amount | Q48: =_xlfn.XLOOKUP(B48,Customers!$A:$A,Customers!$C:$C,"Not Found") -> West | R48: =IF(E48="",Q48,E48) -> North | S48: =IF(D48="Hospitalisation","Hospitalization",IF(D48="Medical Emerg.","Medical Emergency",IF(D48="Property dmg","Property Damage",IF(D48="Vehicle dmg","Vehicle Damage",D48)))) -> Baggage Loss | T48: =IF(J48>K48,"SLA Breach","Within SLA") -> Within SLA | U48: =IF(J48>K48,J48-K48,0) -> 0
A49: CLM000048 | B49: CUST00578 | C49: POL01974 | D49: Death Benefit | E49: Central | F49: 238002.08 | G49: 45864 | H49: 45888 | I49: Settled | J49: 24 | K49: 20 | L49: AGT026 | M49: Life | N49: Standard | O49: =COUNTIF($A:$A,A49) -> 1 | P49: =IF(F49="","Missing Amount","Valid") -> Valid | Q49: =_xlfn.XLOOKUP(B49,Customers!$A:$A,Customers!$C:$C,"Not Found") -> East | R49: =IF(E49="",Q49,E49) -> Central | S49: =IF(D49="Hospitalisation","Hospitalization",IF(D49="Medical Emerg.","Medical Emergency",IF(D49="Property dmg","Property Damage",IF(D49="Vehicle dmg","Vehicle Damage",D49)))) -> Death Benefit | T49: =IF(J49>K49,"SLA Breach","Within SLA") -> SLA Breach | U49: =IF(J49>K49,J49-K49,0) -> 4
A50: CLM000049 | B50: CUST01354 | C50: POL00162 | D50: property damage | E50: East | F50: 177022.47 | G50: 45826 | H50: 45850 | I50: Settled | J50: 24 | K50: 12 | L50: AGT006 | M50: Home | N50: Fraud Review | O50: =COUNTIF($A:$A,A50) -> 1 | P50: =IF(F50="","Missing Amount","Valid") -> Valid | Q50: =_xlfn.XLOOKUP(B50,Customers!$A:$A,Customers!$C:$C,"Not Found") -> South | R50: =IF(E50="",Q50,E50) -> East | S50: =IF(D50="Hospitalisation","Hospitalization",IF(D50="Medical Emerg.","Medical Emergency",IF(D50="Property dmg","Property Damage",IF(D50="Vehicle dmg","Vehicle Damage",D50)))) -> property damage | T50: =IF(J50>K50,"SLA Breach","Within SLA") -> SLA Breach | U50: =IF(J50>K50,J50-K50,0) -> 12
A51: CLM000050 | B51: CUST02059 | C51: POL01963 | D51: Baggage Loss | E51: North | F51: 74601.28 | G51: 45744 | H51: 45756 | I51: Settled | J51: 12 | K51: 7 | L51: AGT049 | M51: Travel | N51: Standard | O51: =COUNTIF($A:$A,A51) -> 1 | P51: =IF(F51="","Missing Amount","Valid") -> Valid | Q51: =_xlfn.XLOOKUP(B51,Customers!$A:$A,Customers!$C:$C,"Not Found") -> North | R51: =IF(E51="",Q51,E51) -> North | S51: =IF(D51="Hospitalisation","Hospitalization",IF(D51="Medical Emerg.","Medical Emergency",IF(D51="Property dmg","Property Damage",IF(D51="Vehicle dmg","Vehicle Damage",D51)))) -> Baggage Loss | T51: =IF(J51>K51,"SLA Breach","Within SLA") -> SLA Breach | U51: =IF(J51>K51,J51-K51,0) -> 5
A52: CLM000051 | B52: CUST01303 | C52: POL01455 | D52: Vehicle dmg | E52: Central | F52: 143292.84 | G52: 45907 | H52: 45912 | I52: Settled | J52: 5 | K52: 10 | L52: AGT071 | M52: Motor | N52: Standard | O52: =COUNTIF($A:$A,A52) -> 1 | P52: =IF(F52="","Missing Amount","Valid") -> Valid | Q52: =_xlfn.XLOOKUP(B52,Customers!$A:$A,Customers!$C:$C,"Not Found") -> South | R52: =IF(E52="",Q52,E52) -> Central | S52: =IF(D52="Hospitalisation","Hospitalization",IF(D52="Medical Emerg.","Medical Emergency",IF(D52="Property dmg","Property Damage",IF(D52="Vehicle dmg","Vehicle Damage",D52)))) -> Vehicle Damage | T52: =IF(J52>K52,"SLA Breach","Within SLA") -> Within SLA | U52: =IF(J52>K52,J52-K52,0) -> 0
A53: CLM000052 | B53: CUST00266 | C53: POL01189 | D53: Outpatient | E53: East | F53: 69929.93 | G53: 45931 | I53: Pending | J53: 21 | K53: 15 | L53: AGT075 | M53: Health | N53: Manual Review | O53: =COUNTIF($A:$A,A53) -> 1 | P53: =IF(F53="","Missing Amount","Valid") -> Valid | Q53: =_xlfn.XLOOKUP(B53,Customers!$A:$A,Customers!$C:$C,"Not Found") -> Central | R53: =IF(E53="",Q53,E53) -> East | S53: =IF(D53="Hospitalisation","Hospitalization",IF(D53="Medical Emerg.","Medical Emergency",IF(D53="Property dmg","Property Damage",IF(D53="Vehicle dmg","Vehicle Damage",D53)))) -> Outpatient | T53: =IF(J53>K53,"SLA Breach","Within SLA") -> SLA Breach | U53: =IF(J53>K53,J53-K53,0) -> 6
A54: CLM000053 | B54: CUST02196 | C54: POL02498 | D54: Death Benefit | E54: East | F54: 269479.26 | G54: 45973 | H54: 45989 | I54: Settled | J54: 16 | K54: 20 | L54: AGT032 | M54: Life | N54: Standard | O54: =COUNTIF($A:$A,A54) -> 1 | P54: =IF(F54="","Missing Amount","Valid") -> Valid | Q54: =_xlfn.XLOOKUP(B54,Customers!$A:$A,Customers!$C:$C,"Not Found") -> West | R54: =IF(E54="",Q54,E54) -> East | S54: =IF(D54="Hospitalisation","Hospitalization",IF(D54="Medical Emerg.","Medical Emergency",IF(D54="Property dmg","Property Damage",IF(D54="Vehicle dmg","Vehicle Damage",D54)))) -> Death Benefit | T54: =IF(J54>K54,"SLA Breach","Within SLA") -> Within SLA | U54: =IF(J54>K54,J54-K54,0) -> 0
A55: CLM000054 | B55: CUST00034 | C55: POL00799 | D55: Theft | E55: East | F55: 53167.85 | G55: 45799 | I55: Under Review | J55: 14 | K55: 10 | L55: AGT020 | M55: Motor | N55: Standard | O55: =COUNTIF($A:$A,A55) -> 1 | P55: =IF(F55="","Missing Amount","Valid") -> Valid | Q55: =_xlfn.XLOOKUP(B55,Customers!$A:$A,Customers!$C:$C,"Not Found") -> North | R55: =IF(E55="",Q55,E55) -> East | S55: =IF(D55="Hospitalisation","Hospitalization",IF(D55="Medical Emerg.","Medical Emergency",IF(D55="Property dmg","Property Damage",IF(D55="Vehicle dmg","Vehicle Damage",D55)))) -> Theft | T55: =IF(J55>K55,"SLA Breach","Within SLA") -> SLA Breach | U55: =IF(J55>K55,J55-K55,0) -> 4
A56: CLM000055 | B56: CUST00688 | C56: POL00192 | D56: Disability | E56: North | F56: 595962.26 | G56: 45702 | H56: 45726 | I56: Rejected | J56: 24 | K56: 20 | L56: AGT026 | M56: Life | N56: Standard | O56: =COUNTIF($A:$A,A56) -> 1 | P56: =IF(F56="","Missing Amount","Valid") -> Valid | Q56: =_xlfn.XLOOKUP(B56,Customers!$A:$A,Customers!$C:$C,"Not Found") -> Central | R56: =IF(E56="",Q56,E56) -> North | S56: =IF(D56="Hospitalisation","Hospitalization",IF(D56="Medical Emerg.","Medical Emergency",IF(D56="Property dmg","Property Damage",IF(D56="Vehicle dmg","Vehicle Damage",D56)))) -> Disability | T56: =IF(J56>K56,"SLA Breach","Within SLA") -> SLA Breach | U56: =IF(J56>K56,J56-K56,0) -> 4
A57: CLM000056 | B57: CUST00094 | C57: POL01598 | D57: Critical Illness | E57: North | F57: 66013.51 | G57: 45956 | H57: 45977 | I57: Settled | J57: 21 | K57: 15 | L57: AGT005 | M57: Health | N57: Fraud Review | O57: =COUNTIF($A:$A,A57) -> 1 | P57: =IF(F57="","Missing Amount","Valid") -> Valid | Q57: =_xlfn.XLOOKUP(B57,Customers!$A:$A,Customers!$C:$C,"Not Found") -> North | R57: =IF(E57="",Q57,E57) -> North | S57: =IF(D57="Hospitalisation","Hospitalization",IF(D57="Medical Emerg.","Medical Emergency",IF(D57="Property dmg","Property Damage",IF(D57="Vehicle dmg","Vehicle Damage",D57)))) -> Critical Illness | T57: =IF(J57>K57,"SLA Breach","Within SLA") -> SLA Breach | U57: =IF(J57>K57,J57-K57,0) -> 6
A58: CLM000057 | B58: CUST00774 | C58: POL02380 | D58: Death Benefit | E58: West | F58: 85931.09 | G58: 45861 | H58: 45870 | I58: Rejected | J58: 9 | K58: 20 | L58: AGT028 | M58: Life | N58: Fast Track | O58: =COUNTIF($A:$A,A58) -> 1 | P58: =IF(F58="","Missing Amount","Valid") -> Valid | Q58: =_xlfn.XLOOKUP(B58,Customers!$A:$A,Customers!$C:$C,"Not Found") -> West | R58: =IF(E58="",Q58,E58) -> West | S58: =IF(D58="Hospitalisation","Hospitalization",IF(D58="Medical Emerg.","Medical Emergency",IF(D58="Property dmg","Property Damage",IF(D58="Vehicle dmg","Vehicle Damage",D58)))) -> Death Benefit | T58: =IF(J58>K58,"SLA Breach","Within SLA") -> Within SLA | U58: =IF(J58>K58,J58-K58,0) -> 0
A59: CLM000058 | B59: CUST02087 | C59: POL00428 | D59: Maturity | E59: Central | F59: 410511.61 | G59: 45700 | H59: 45721 | I59: Settled | J59: 21 | K59: 20 | L59: AGT053 | M59: Life | N59: Standard | O59: =COUNTIF($A:$A,A59) -> 1 | P59: =IF(F59="","Missing Amount","Valid") -> Valid | Q59: =_xlfn.XLOOKUP(B59,Customers!$A:$A,Customers!$C:$C,"Not Found") -> East | R59: =IF(E59="",Q59,E59) -> Central | S59: =IF(D59="Hospitalisation","Hospitalization",IF(D59="Medical Emerg.","Medical Emergency",IF(D59="Property dmg","Property Damage",IF(D59="Vehicle dmg","Vehicle Damage",D59)))) -> Maturity | T59: =IF(J59>K59,"SLA Breach","Within SLA") -> SLA Breach | U59: =IF(J59>K59,J59-K59,0) -> 1
A60: CLM000059 | B60: CUST01634 | C60: POL03151 | D60: Trip Cancellation | E60: West | F60: 42319.54 | G60: 45917 | H60: 45930 | I60: Settled | J60: 13 | K60: 7 | L60: AGT002 | M60: Travel | N60: Manual Review | O60: =COUNTIF($A:$A,A60) -> 1 | P60: =IF(F60="","Missing Amount","Valid") -> Valid | Q60: =_xlfn.XLOOKUP(B60,Customers!$A:$A,Customers!$C:$C,"Not Found") -> East | R60: =IF(E60="",Q60,E60) -> West | S60: =IF(D60="Hospitalisation","Hospitalization",IF(D60="Medical Emerg.","Medical Emergency",IF(D60="Property dmg","Property Damage",IF(D60="Vehicle dmg","Vehicle Damage",D60)))) -> Trip Cancellation | T60: =IF(J60>K60,"SLA Breach","Within SLA") -> SLA Breach | U60: =IF(J60>K60,J60-K60,0) -> 6
A61: CLM000060 | B61: CUST01085 | C61: POL02152 | D61: Critical Illness | E61: West | F61: 65313.23 | G61: 45893 | I61: Under Review | J61: 3 | K61: 15 | L61: AGT059 | M61: Health | N61: Standard | O61: =COUNTIF($A:$A,A61) -> 1 | P61: =IF(F61="","Missing Amount","Valid") -> Valid | Q61: =_xlfn.XLOOKUP(B61,Customers!$A:$A,Customers!$C:$C,"Not Found") -> Central | R61: =IF(E61="",Q61,E61) -> West | S61: =IF(D61="Hospitalisation","Hospitalization",IF(D61="Medical Emerg.","Medical Emergency",IF(D61="Property dmg","Property Damage",IF(D61="Vehicle dmg","Vehicle Damage",D61)))) -> Critical Illness | T61: =IF(J61>K61,"SLA Breach","Within SLA") -> Within SLA | U61: =IF(J61>K61,J61-K61,0) -> 0
A62: CLM000061 | B62: CUST02344 | C62: POL02990 | D62: Disability | E62: West | F62: 1000587.7 | G62: 45936 | H62: 45965 | I62: Settled | J62: 29 | K62: 20 | L62: AGT068 | M62: Life | N62: Fraud Review | O62: =COUNTIF($A:$A,A62) -> 1 | P62: =IF(F62="","Missing Amount","Valid") -> Valid | Q62: =_xlfn.XLOOKUP(B62,Customers!$A:$A,Customers!$C:$C,"Not Found") -> South | R62: =IF(E62="",Q62,E62) -> West | S62: =IF(D62="Hospitalisation","Hospitalization",IF(D62="Medical Emerg.","Medical Emergency",IF(D62="Property dmg","Property Damage",IF(D62="Vehicle dmg","Vehicle Damage",D62)))) -> Disability | T62: =IF(J62>K62,"SLA Breach","Within SLA") -> SLA Breach | U62: =IF(J62>K62,J62-K62,0) -> 9
A63: CLM000062 | B63: CUST00581 | C63: POL01505 | D63: Theft | E63: North | F63: 45692.28 | G63: 45801 | H63: 45813 | I63: Settled | J63: 12 | K63: 10 | L63: AGT026 | M63: Motor | N63: Fast Track | O63: =COUNTIF($A:$A,A63) -> 1 | P63: =IF(F63="","Missing Amount","Valid") -> Valid | Q63: =_xlfn.XLOOKUP(B63,Customers!$A:$A,Customers!$C:$C,"Not Found") -> South | R63: =IF(E63="",Q63,E63) -> North | S63: =IF(D63="Hospitalisation","Hospitalization",IF(D63="Medical Emerg.","Medical Emergency",IF(D63="Property dmg","Property Damage",IF(D63="Vehicle dmg","Vehicle Damage",D63)))) -> Theft | T63: =IF(J63>K63,"SLA Breach","Within SLA") -> SLA Breach | U63: =IF(J63>K63,J63-K63,0) -> 2
A64: CLM000063 | B64: CUST00074 | C64: POL00395 | D64: Trip Cancellation | E64: West | F64: 75391.7 | G64: 45816 | H64: 45826 | I64: Settled | J64: 10 | K64: 7 | L64: AGT062 | M64: Travel | N64: Standard | O64: =COUNTIF($A:$A,A64) -> 1 | P64: =IF(F64="","Missing Amount","Valid") -> Valid | Q64: =_xlfn.XLOOKUP(B64,Customers!$A:$A,Customers!$C:$C,"Not Found") -> West | R64: =IF(E64="",Q64,E64) -> West | S64: =IF(D64="Hospitalisation","Hospitalization",IF(D64="Medical Emerg.","Medical Emergency",IF(D64="Property dmg","Property Damage",IF(D64="Vehicle dmg","Vehicle Damage",D64)))) -> Trip Cancellation | T64: =IF(J64>K64,"SLA Breach","Within SLA") -> SLA Breach | U64: =IF(J64>K64,J64-K64,0) -> 3
A65: CLM000064 | B65: CUST00013 | C65: POL00569 | D65: Outpatient | E65: West | F65: 35597.94 | G65: 45700 | I65: Pending | J65: 14 | K65: 15 | L65: AGT038 | M65: Health | N65: Standard | O65: =COUNTIF($A:$A,A65) -> 1 | P65: =IF(F65="","Missing Amount","Valid") -> Valid | Q65: =_xlfn.XLOOKUP(B65,Customers!$A:$A,Customers!$C:$C,"Not Found") -> North | R65: =IF(E65="",Q65,E65) -> West | S65: =IF(D65="Hospitalisation","Hospitalization",IF(D65="Medical Emerg.","Medical Emergency",IF(D65="Property dmg","Property Damage",IF(D65="Vehicle dmg","Vehicle Damage",D65)))) -> Outpatient | T65: =IF(J65>K65,"SLA Breach","Within SLA") -> Within SLA | U65: =IF(J65>K65,J65-K65,0) -> 0
A66: CLM000065 | B66: CUST00286 | C66: POL01603 | D66: Trip Cancellation | E66: South | F66: 35903.7 | G66: 45801 | H66: 45818 | I66: Settled | J66: 17 | K66: 7 | L66: AGT080 | M66: Travel | N66: Fraud Review | O66: =COUNTIF($A:$A,A66) -> 1 | P66: =IF(F66="","Missing Amount","Valid") -> Valid | Q66: =_xlfn.XLOOKUP(B66,Customers!$A:$A,Customers!$C:$C,"Not Found") -> West | R66: =IF(E66="",Q66,E66) -> South | S66: =IF(D66="Hospitalisation","Hospitalization",IF(D66="Medical Emerg.","Medical Emergency",IF(D66="Property dmg","Property Damage",IF(D66="Vehicle dmg","Vehicle Damage",D66)))) -> Trip Cancellation | T66: =IF(J66>K66,"SLA Breach","Within SLA") -> SLA Breach | U66: =IF(J66>K66,J66-K66,0) -> 10
A67: CLM000066 | B67: CUST02142 | C67: POL01883 | D67: Theft | E67: South | F67: 65030.27 | G67: 45844 | I67: Pending | J67: 13 | K67: 12 | L67: AGT041 | M67: Home | N67: Standard | O67: =COUNTIF($A:$A,A67) -> 1 | P67: =IF(F67="","Missing Amount","Valid") -> Valid | Q67: =_xlfn.XLOOKUP(B67,Customers!$A:$A,Customers!$C:$C,"Not Found") -> North | R67: =IF(E67="",Q67,E67) -> South | S67: =IF(D67="Hospitalisation","Hospitalization",IF(D67="Medical Emerg.","Medical Emergency",IF(D67="Property dmg","Property Damage",IF(D67="Vehicle dmg","Vehicle Damage",D67)))) -> Theft | T67: =IF(J67>K67,"SLA Breach","Within SLA") -> SLA Breach | U67: =IF(J67>K67,J67-K67,0) -> 1
A68: CLM000067 | B68: CUST01242 | C68: POL02350 | D68: vehicle damage | E68: West | G68: 45947 | I68: Pending | J68: 4 | K68: 10 | L68: AGT048 | M68: Motor | N68: Fast Track | O68: =COUNTIF($A:$A,A68) -> 1 | P68: =IF(F68="","Missing Amount","Valid") -> Missing Amount | Q68: =_xlfn.XLOOKUP(B68,Customers!$A:$A,Customers!$C:$C,"Not Found") -> North | R68: =IF(E68="",Q68,E68) -> West | S68: =IF(D68="Hospitalisation","Hospitalization",IF(D68="Medical Emerg.","Medical Emergency",IF(D68="Property dmg","Property Damage",IF(D68="Vehicle dmg","Vehicle Damage",D68)))) -> vehicle damage | T68: =IF(J68>K68,"SLA Breach","Within SLA") -> Within SLA | U68: =IF(J68>K68,J68-K68,0) -> 0
A69: CLM000068 | B69: CUST00087 | C69: POL02546 | D69: Trip Cancellation | E69: Central | F69: 49215.03 | G69: 45728 | I69: Under Review | J69: 3 | K69: 7 | L69: AGT066 | M69: Travel | N69: Manual Review | O69: =COUNTIF($A:$A,A69) -> 1 | P69: =IF(F69="","Missing Amount","Valid") -> Valid | Q69: =_xlfn.XLOOKUP(B69,Customers!$A:$A,Customers!$C:$C,"Not Found") -> South | R69: =IF(E69="",Q69,E69) -> Central | S69: =IF(D69="Hospitalisation","Hospitalization",IF(D69="Medical Emerg.","Medical Emergency",IF(D69="Property dmg","Property Damage",IF(D69="Vehicle dmg","Vehicle Damage",D69)))) -> Trip Cancellation | T69: =IF(J69>K69,"SLA Breach","Within SLA") -> Within SLA | U69: =IF(J69>K69,J69-K69,0) -> 0
A70: CLM000069 | B70: CUST01993 | C70: POL02441 | D70: Vehicle Damage | E70: Central | F70: 44883.44 | G70: 45672 | I70: Under Review | J70: 14 | K70: 10 | L70: AGT022 | M70: Motor | N70: Fast Track | O70: =COUNTIF($A:$A,A70) -> 1 | P70: =IF(F70="","Missing Amount","Valid") -> Valid | Q70: =_xlfn.XLOOKUP(B70,Customers!$A:$A,Customers!$C:$C,"Not Found") -> Central | R70: =IF(E70="",Q70,E70) -> Central | S70: =IF(D70="Hospitalisation","Hospitalization",IF(D70="Medical Emerg.","Medical Emergency",IF(D70="Property dmg","Property Damage",IF(D70="Vehicle dmg","Vehicle Damage",D70)))) -> Vehicle Damage | T70: =IF(J70>K70,"SLA Breach","Within SLA") -> SLA Breach | U70: =IF(J70>K70,J70-K70,0) -> 4
A71: CLM000070 | B71: CUST01497 | C71: POL01885 | D71: Critical Illness | E71: East | F71: 54001.65 | G71: 45755 | H71: 45772 | I71: Settled | J71: 17 | K71: 15 | L71: AGT056 | M71: Health | N71: Standard | O71: =COUNTIF($A:$A,A71) -> 1 | P71: =IF(F71="","Missing Amount","Valid") -> Valid | Q71: =_xlfn.XLOOKUP(B71,Customers!$A:$A,Customers!$C:$C,"Not Found") -> North | R71: =IF(E71="",Q71,E71) -> East | S71: =IF(D71="Hospitalisation","Hospitalization",IF(D71="Medical Emerg.","Medical Emergency",IF(D71="Property dmg","Property Damage",IF(D71="Vehicle dmg","Vehicle Damage",D71)))) -> Critical Illness | T71: =IF(J71>K71,"SLA Breach","Within SLA") -> SLA Breach | U71: =IF(J71>K71,J71-K71,0) -> 2
A72: CLM000071 | B72: CUST00804 | C72: POL00058 | D72: Theft | E72: West | F72: 95182.89 | G72: 45725 | H72: 45742 | I72: Settled | J72: 17 | K72: 12 | L72: AGT069 | M72: Home | N72: Manual Review | O72: =COUNTIF($A:$A,A72) -> 1 | P72: =IF(F72="","Missing Amount","Valid") -> Valid | Q72: =_xlfn.XLOOKUP(B72,Customers!$A:$A,Customers!$C:$C,"Not Found") -> Central | R72: =IF(E72="",Q72,E72) -> West | S72: =IF(D72="Hospitalisation","Hospitalization",IF(D72="Medical Emerg.","Medical Emergency",IF(D72="Property dmg","Property Damage",IF(D72="Vehicle dmg","Vehicle Damage",D72)))) -> Theft | T72: =IF(J72>K72,"SLA Breach","Within SLA") -> SLA Breach | U72: =IF(J72>K72,J72-K72,0) -> 5
A73: CLM000072 | B73: CUST02147 | C73: POL01695 | D73: Trip Cancellation | E73: East | F73: 345484.23 | G73: 45810 | I73: Under Review | J73: 12 | K73: 7 | L73: AGT022 | M73: Travel | N73: Standard | O73: =COUNTIF($A:$A,A73) -> 1 | P73: =IF(F73="","Missing Amount","Valid") -> Valid | Q73: =_xlfn.XLOOKUP(B73,Customers!$A:$A,Customers!$C:$C,"Not Found") -> Central | R73: =IF(E73="",Q73,E73) -> East | S73: =IF(D73="Hospitalisation","Hospitalization",IF(D73="Medical Emerg.","Medical Emergency",IF(D73="Property dmg","Property Damage",IF(D73="Vehicle dmg","Vehicle Damage",D73)))) -> Trip Cancellation | T73: =IF(J73>K73,"SLA Breach","Within SLA") -> SLA Breach | U73: =IF(J73>K73,J73-K73,0) -> 5
A74: CLM000073 | B74: CUST02418 | C74: POL02623 | D74: Hospitalization | E74: Central | F74: 96943 | G74: 45893 | H74: 45920 | I74: Settled | J74: 27 | K74: 15 | L74: AGT065 | M74: Health | N74: Manual Review | O74: =COUNTIF($A:$A,A74) -> 1 | P74: =IF(F74="","Missing Amount","Valid") -> Valid | Q74: =_xlfn.XLOOKUP(B74,Customers!$A:$A,Customers!$C:$C,"Not Found") -> West | R74: =IF(E74="",Q74,E74) -> Central | S74: =IF(D74="Hospitalisation","Hospitalization",IF(D74="Medical Emerg.","Medical Emergency",IF(D74="Property dmg","Property Damage",IF(D74="Vehicle dmg","Vehicle Damage",D74)))) -> Hospitalization | T74: =IF(J74>K74,"SLA Breach","Within SLA") -> SLA Breach | U74: =IF(J74>K74,J74-K74,0) -> 12
A75: CLM000074 | B75: CUST00060 | C75: POL02713 | D75: Fire | E75: West | F75: 120722.68 | G75: 45779 | H75: 45785 | I75: Rejected | J75: 6 | K75: 12 | L75: AGT022 | M75: Home | N75: Fast Track | O75: =COUNTIF($A:$A,A75) -> 1 | P75: =IF(F75="","Missing Amount","Valid") -> Valid | Q75: =_xlfn.XLOOKUP(B75,Customers!$A:$A,Customers!$C:$C,"Not Found") -> North | R75: =IF(E75="",Q75,E75) -> West | S75: =IF(D75="Hospitalisation","Hospitalization",IF(D75="Medical Emerg.","Medical Emergency",IF(D75="Property dmg","Property Damage",IF(D75="Vehicle dmg","Vehicle Damage",D75)))) -> Fire | T75: =IF(J75>K75,"SLA Breach","Within SLA") -> Within SLA | U75: =IF(J75>K75,J75-K75,0) -> 0
A76: CLM000075 | B76: CUST01279 | C76: POL02671 | D76: Accident | E76: Central | F76: 86232.89 | G76: 45772 | I76: Pending | J76: 17 | K76: 10 | L76: AGT049 | M76: Motor | N76: Manual Review | O76: =COUNTIF($A:$A,A76) -> 1 | P76: =IF(F76="","Missing Amount","Valid") -> Valid | Q76: =_xlfn.XLOOKUP(B76,Customers!$A:$A,Customers!$C:$C,"Not Found") -> West | R76: =IF(E76="",Q76,E76) -> Central | S76: =IF(D76="Hospitalisation","Hospitalization",IF(D76="Medical Emerg.","Medical Emergency",IF(D76="Property dmg","Property Damage",IF(D76="Vehicle dmg","Vehicle Damage",D76)))) -> Accident | T76: =IF(J76>K76,"SLA Breach","Within SLA") -> SLA Breach | U76: =IF(J76>K76,J76-K76,0) -> 7
A77: CLM000076 | B77: CUST02076 | C77: POL00035 | D77: Theft | E77: Central | F77: 36054.71 | G77: 45787 | H77: 45808 | I77: Rejected | J77: 21 | K77: 12 | L77: AGT026 | M77: Home | N77: Manual Review | O77: =COUNTIF($A:$A,A77) -> 1 | P77: =IF(F77="","Missing Amount","Valid") -> Valid | Q77: =_xlfn.XLOOKUP(B77,Customers!$A:$A,Customers!$C:$C,"Not Found") -> North | R77: =IF(E77="",Q77,E77) -> Central | S77: =IF(D77="Hospitalisation","Hospitalization",IF(D77="Medical Emerg.","Medical Emergency",IF(D77="Property dmg","Property Damage",IF(D77="Vehicle dmg","Vehicle Damage",D77)))) -> Theft | T77: =IF(J77>K77,"SLA Breach","Within SLA") -> SLA Breach | U77: =IF(J77>K77,J77-K77,0) -> 9
A78: CLM000077 | B78: CUST00022 | C78: POL01394 | D78: Fire | E78: South | F78: 200146.18 | G78: 45984 | H78: 45996 | I78: Settled | J78: 12 | K78: 12 | L78: AGT051 | M78: Home | N78: Standard | O78: =COUNTIF($A:$A,A78) -> 1 | P78: =IF(F78="","Missing Amount","Valid") -> Valid | Q78: =_xlfn.XLOOKUP(B78,Customers!$A:$A,Customers!$C:$C,"Not Found") -> East | R78: =IF(E78="",Q78,E78) -> South | S78: =IF(D78="Hospitalisation","Hospitalization",IF(D78="Medical Emerg.","Medical Emergency",IF(D78="Property dmg","Property Damage",IF(D78="Vehicle dmg","Vehicle Damage",D78)))) -> Fire | T78: =IF(J78>K78,"SLA Breach","Within SLA") -> Within SLA | U78: =IF(J78>K78,J78-K78,0) -> 0
A79: CLM000078 | B79: CUST00578 | C79: POL01974 | D79: Maturity | E79: Central | F79: 476353.35 | G79: 45790 | H79: 45807 | I79: Settled | J79: 17 | K79: 20 | L79: AGT012 | M79: Life | N79: Standard | O79: =COUNTIF($A:$A,A79) -> 1 | P79: =IF(F79="","Missing Amount","Valid") -> Valid | Q79: =_xlfn.XLOOKUP(B79,Customers!$A:$A,Customers!$C:$C,"Not Found") -> East | R79: =IF(E79="",Q79,E79) -> Central | S79: =IF(D79="Hospitalisation","Hospitalization",IF(D79="Medical Emerg.","Medical Emergency",IF(D79="Property dmg","Property Damage",IF(D79="Vehicle dmg","Vehicle Damage",D79)))) -> Maturity | T79: =IF(J79>K79,"SLA Breach","Within SLA") -> Within SLA | U79: =IF(J79>K79,J79-K79,0) -> 0
A80: CLM000079 | B80: CUST02460 | C80: POL00793 | D80: Hospitalization | E80: West | F80: 26659.19 | G80: 45897 | H80: 45915 | I80: Rejected | J80: 18 | K80: 15 | L80: AGT065 | M80: Health | N80: Manual Review | O80: =COUNTIF($A:$A,A80) -> 1 | P80: =IF(F80="","Missing Amount","Valid") -> Valid | Q80: =_xlfn.XLOOKUP(B80,Customers!$A:$A,Customers!$C:$C,"Not Found") -> West | R80: =IF(E80="",Q80,E80) -> West | S80: =IF(D80="Hospitalisation","Hospitalization",IF(D80="Medical Emerg.","Medical Emergency",IF(D80="Property dmg","Property Damage",IF(D80="Vehicle dmg","Vehicle Damage",D80)))) -> Hospitalization | T80: =IF(J80>K80,"SLA Breach","Within SLA") -> SLA Breach | U80: =IF(J80>K80,J80-K80,0) -> 3
A81: CLM000080 | B81: CUST00712 | C81: POL01312 | D81: Hospitalization | E81: South | F81: 405661.49 | G81: 45663 | H81: 45678 | I81: Settled | J81: 15 | K81: 15 | L81: AGT011 | M81: Health | N81: Standard | O81: =COUNTIF($A:$A,A81) -> 1 | P81: =IF(F81="","Missing Amount","Valid") -> Valid | Q81: =_xlfn.XLOOKUP(B81,Customers!$A:$A,Customers!$C:$C,"Not Found") -> West | R81: =IF(E81="",Q81,E81) -> South | S81: =IF(D81="Hospitalisation","Hospitalization",IF(D81="Medical Emerg.","Medical Emergency",IF(D81="Property dmg","Property Damage",IF(D81="Vehicle dmg","Vehicle Damage",D81)))) -> Hospitalization | T81: =IF(J81>K81,"SLA Breach","Within SLA") -> Within SLA | U81: =IF(J81>K81,J81-K81,0) -> 0
A82: CLM000081 | B82: CUST02360 | C82: POL00312 | D82: Vehicle Damage | E82: North | F82: 65128.48 | G82: 45695 | I82: Under Review | J82: 13 | K82: 10 | L82: AGT027 | M82: Motor | N82: Standard | O82: =COUNTIF($A:$A,A82) -> 1 | P82: =IF(F82="","Missing Amount","Valid") -> Valid | Q82: =_xlfn.XLOOKUP(B82,Customers!$A:$A,Customers!$C:$C,"Not Found") -> South | R82: =IF(E82="",Q82,E82) -> North | S82: =IF(D82="Hospitalisation","Hospitalization",IF(D82="Medical Emerg.","Medical Emergency",IF(D82="Property dmg","Property Damage",IF(D82="Vehicle dmg","Vehicle Damage",D82)))) -> Vehicle Damage | T82: =IF(J82>K82,"SLA Breach","Within SLA") -> SLA Breach | U82: =IF(J82>K82,J82-K82,0) -> 3
A83: CLM000082 | B83: CUST00612 | C83: POL00620 | D83: Theft | E83: West | F83: 31452.66 | G83: 45780 | H83: 45792 | I83: Settled | J83: 12 | K83: 10 | L83: AGT066 | M83: Motor | N83: Manual Review | O83: =COUNTIF($A:$A,A83) -> 1 | P83: =IF(F83="","Missing Amount","Valid") -> Valid | Q83: =_xlfn.XLOOKUP(B83,Customers!$A:$A,Customers!$C:$C,"Not Found") -> South | R83: =IF(E83="",Q83,E83) -> West | S83: =IF(D83="Hospitalisation","Hospitalization",IF(D83="Medical Emerg.","Medical Emergency",IF(D83="Property dmg","Property Damage",IF(D83="Vehicle dmg","Vehicle Damage",D83)))) -> Theft | T83: =IF(J83>K83,"SLA Breach","Within SLA") -> SLA Breach | U83: =IF(J83>K83,J83-K83,0) -> 2
A84: CLM000083 | B84: CUST00955 | C84: POL00019 | D84: Hospitalization | E84: South | F84: 104219.95 | G84: 45836 | H84: 45852 | I84: Settled | J84: 16 | K84: 15 | L84: AGT008 | M84: Health | N84: Manual Review | O84: =COUNTIF($A:$A,A84) -> 1 | P84: =IF(F84="","Missing Amount","Valid") -> Valid | Q84: =_xlfn.XLOOKUP(B84,Customers!$A:$A,Customers!$C:$C,"Not Found") -> Central | R84: =IF(E84="",Q84,E84) -> South | S84: =IF(D84="Hospitalisation","Hospitalization",IF(D84="Medical Emerg.","Medical Emergency",IF(D84="Property dmg","Property Damage",IF(D84="Vehicle dmg","Vehicle Damage",D84)))) -> Hospitalization | T84: =IF(J84>K84,"SLA Breach","Within SLA") -> SLA Breach | U84: =IF(J84>K84,J84-K84,0) -> 1
A85: CLM000084 | B85: CUST02423 | C85: POL03135 | D85: Vehicle Damage | E85: South | F85: 36004.19 | G85: 45789 | H85: 45790 | I85: Settled | J85: 1 | K85: 10 | L85: AGT067 | M85: Motor | N85: Standard | O85: =COUNTIF($A:$A,A85) -> 1 | P85: =IF(F85="","Missing Amount","Valid") -> Valid | Q85: =_xlfn.XLOOKUP(B85,Customers!$A:$A,Customers!$C:$C,"Not Found") -> South | R85: =IF(E85="",Q85,E85) -> South | S85: =IF(D85="Hospitalisation","Hospitalization",IF(D85="Medical Emerg.","Medical Emergency",IF(D85="Property dmg","Property Damage",IF(D85="Vehicle dmg","Vehicle Damage",D85)))) -> Vehicle Damage | T85: =IF(J85>K85,"SLA Breach","Within SLA") -> Within SLA | U85: =IF(J85>K85,J85-K85,0) -> 0
A86: CLM000085 | B86: CUST01623 | C86: POL02752 | D86: Hospitalization | E86: East | F86: 29841.6 | G86: 45747 | I86: Under Review | J86: 10 | K86: 15 | L86: AGT033 | M86: Health | N86: Standard | O86: =COUNTIF($A:$A,A86) -> 1 | P86: =IF(F86="","Missing Amount","Valid") -> Valid | Q86: =_xlfn.XLOOKUP(B86,Customers!$A:$A,Customers!$C:$C,"Not Found") -> Central | R86: =IF(E86="",Q86,E86) -> East | S86: =IF(D86="Hospitalisation","Hospitalization",IF(D86="Medical Emerg.","Medical Emergency",IF(D86="Property dmg","Property Damage",IF(D86="Vehicle dmg","Vehicle Damage",D86)))) -> Hospitalization | T86: =IF(J86>K86,"SLA Breach","Within SLA") -> Within SLA | U86: =IF(J86>K86,J86-K86,0) -> 0
A87: CLM000086 | B87: CUST01880 | C87: POL01293 | D87: Baggage Loss | E87: North | F87: 25129.43 | G87: 45855 | H87: 45856 | I87: Settled | J87: 1 | K87: 7 | L87: AGT021 | M87: Travel | N87: Standard | O87: =COUNTIF($A:$A,A87) -> 1 | P87: =IF(F87="","Missing Amount","Valid") -> Valid | Q87: =_xlfn.XLOOKUP(B87,Customers!$A:$A,Customers!$C:$C,"Not Found") -> North | R87: =IF(E87="",Q87,E87) -> North | S87: =IF(D87="Hospitalisation","Hospitalization",IF(D87="Medical Emerg.","Medical Emergency",IF(D87="Property dmg","Property Damage",IF(D87="Vehicle dmg","Vehicle Damage",D87)))) -> Baggage Loss | T87: =IF(J87>K87,"SLA Breach","Within SLA") -> Within SLA | U87: =IF(J87>K87,J87-K87,0) -> 0
A88: CLM000087 | B88: CUST00512 | C88: POL00014 | D88: Fire | E88: South | F88: 94876.35 | G88: 45744 | H88: 45764 | I88: Settled | J88: 20 | K88: 12 | L88: AGT067 | M88: Home | N88: Manual Review | O88: =COUNTIF($A:$A,A88) -> 1 | P88: =IF(F88="","Missing Amount","Valid") -> Valid | Q88: =_xlfn.XLOOKUP(B88,Customers!$A:$A,Customers!$C:$C,"Not Found") -> Central | R88: =IF(E88="",Q88,E88) -> South | S88: =IF(D88="Hospitalisation","Hospitalization",IF(D88="Medical Emerg.","Medical Emergency",IF(D88="Property dmg","Property Damage",IF(D88="Vehicle dmg","Vehicle Damage",D88)))) -> Fire | T88: =IF(J88>K88,"SLA Breach","Within SLA") -> SLA Breach | U88: =IF(J88>K88,J88-K88,0) -> 8
A89: CLM000088 | B89: CUST01544 | C89: POL01073 | D89: Theft | E89: West | F89: 23357.63 | G89: 45818 | H89: 45819 | I89: Settled | J89: 1 | K89: 10 | L89: AGT069 | M89: Motor | N89: Fast Track | O89: =COUNTIF($A:$A,A89) -> 1 | P89: =IF(F89="","Missing Amount","Valid") -> Valid | Q89: =_xlfn.XLOOKUP(B89,Customers!$A:$A,Customers!$C:$C,"Not Found") -> Central | R89: =IF(E89="",Q89,E89) -> West | S89: =IF(D89="Hospitalisation","Hospitalization",IF(D89="Medical Emerg.","Medical Emergency",IF(D89="Property dmg","Property Damage",IF(D89="Vehicle dmg","Vehicle Damage",D89)))) -> Theft | T89: =IF(J89>K89,"SLA Breach","Within SLA") -> Within SLA | U89: =IF(J89>K89,J89-K89,0) -> 0
A90: CLM000089 | B90: CUST01297 | C90: POL01390 | D90: Accident | E90: North | F90: 39142.14 | G90: 45694 | H90: 45705 | I90: Settled | J90: 11 | K90: 10 | L90: AGT069 | M90: Motor | N90: Standard | O90: =COUNTIF($A:$A,A90) -> 1 | P90: =IF(F90="","Missing Amount","Valid") -> Valid | Q90: =_xlfn.XLOOKUP(B90,Customers!$A:$A,Customers!$C:$C,"Not Found") -> West | R90: =IF(E90="",Q90,E90) -> North | S90: =IF(D90="Hospitalisation","Hospitalization",IF(D90="Medical Emerg.","Medical Emergency",IF(D90="Property dmg","Property Damage",IF(D90="Vehicle dmg","Vehicle Damage",D90)))) -> Accident | T90: =IF(J90>K90,"SLA Breach","Within SLA") -> SLA Breach | U90: =IF(J90>K90,J90-K90,0) -> 1
A91: CLM000090 | B91: CUST00152 | C91: POL00541 | D91: Accident | E91: West | F91: 33211.57 | G91: 45715 | I91: Pending | J91: 7 | K91: 10 | L91: AGT046 | M91: Motor | N91: Standard | O91: =COUNTIF($A:$A,A91) -> 1 | P91: =IF(F91="","Missing Amount","Valid") -> Valid | Q91: =_xlfn.XLOOKUP(B91,Customers!$A:$A,Customers!$C:$C,"Not Found") -> South | R91: =IF(E91="",Q91,E91) -> West | S91: =IF(D91="Hospitalisation","Hospitalization",IF(D91="Medical Emerg.","Medical Emergency",IF(D91="Property dmg","Property Damage",IF(D91="Vehicle dmg","Vehicle Damage",D91)))) -> Accident | T91: =IF(J91>K91,"SLA Breach","Within SLA") -> Within SLA | U91: =IF(J91>K91,J91-K91,0) -> 0
A92: CLM000091 | B92: CUST00044 | C92: POL02118 | D92: Fire | E92: North | F92: 87199.83 | G92: 45960 | I92: Pending | J92: 26 | K92: 12 | L92: AGT016 | M92: Home | N92: Fraud Review | O92: =COUNTIF($A:$A,A92) -> 1 | P92: =IF(F92="","Missing Amount","Valid") -> Valid | Q92: =_xlfn.XLOOKUP(B92,Customers!$A:$A,Customers!$C:$C,"Not Found") -> South | R92: =IF(E92="",Q92,E92) -> North | S92: =IF(D92="Hospitalisation","Hospitalization",IF(D92="Medical Emerg.","Medical Emergency",IF(D92="Property dmg","Property Damage",IF(D92="Vehicle dmg","Vehicle Damage",D92)))) -> Fire | T92: =IF(J92>K92,"SLA Breach","Within SLA") -> SLA Breach | U92: =IF(J92>K92,J92-K92,0) -> 14
A93: CLM000092 | B93: CUST01929 | C93: POL03193 | D93: Fire | E93: Central | F93: 167582.72 | G93: 45854 | I93: Under Review | J93: 17 | K93: 12 | L93: AGT057 | M93: Home | N93: Standard | O93: =COUNTIF($A:$A,A93) -> 1 | P93: =IF(F93="","Missing Amount","Valid") -> Valid | Q93: =_xlfn.XLOOKUP(B93,Customers!$A:$A,Customers!$C:$C,"Not Found") -> South | R93: =IF(E93="",Q93,E93) -> Central | S93: =IF(D93="Hospitalisation","Hospitalization",IF(D93="Medical Emerg.","Medical Emergency",IF(D93="Property dmg","Property Damage",IF(D93="Vehicle dmg","Vehicle Damage",D93)))) -> Fire | T93: =IF(J93>K93,"SLA Breach","Within SLA") -> SLA Breach | U93: =IF(J93>K93,J93-K93,0) -> 5
A94: CLM000093 | B94: CUST00140 | C94: POL02701 | D94: Outpatient | E94: South | F94: 93180.23 | G94: 45760 | H94: 45778 | I94: Settled | J94: 18 | K94: 15 | L94: AGT057 | M94: Health | N94: Manual Review | O94: =COUNTIF($A:$A,A94) -> 1 | P94: =IF(F94="","Missing Amount","Valid") -> Valid | Q94: =_xlfn.XLOOKUP(B94,Customers!$A:$A,Customers!$C:$C,"Not Found") -> North | R94: =IF(E94="",Q94,E94) -> South | S94: =IF(D94="Hospitalisation","Hospitalization",IF(D94="Medical Emerg.","Medical Emergency",IF(D94="Property dmg","Property Damage",IF(D94="Vehicle dmg","Vehicle Damage",D94)))) -> Outpatient | T94: =IF(J94>K94,"SLA Breach","Within SLA") -> SLA Breach | U94: =IF(J94>K94,J94-K94,0) -> 3
A95: CLM000094 | B95: CUST00888 | C95: POL02740 | D95: Theft | E95: West | F95: 63633.8 | G95: 45669 | H95: 45682 | I95: Settled | J95: 13 | K95: 10 | L95: AGT071 | M95: Motor | N95: Standard | O95: =COUNTIF($A:$A,A95) -> 1 | P95: =IF(F95="","Missing Amount","Valid") -> Valid | Q95: =_xlfn.XLOOKUP(B95,Customers!$A:$A,Customers!$C:$C,"Not Found") -> Central | R95: =IF(E95="",Q95,E95) -> West | S95: =IF(D95="Hospitalisation","Hospitalization",IF(D95="Medical Emerg.","Medical Emergency",IF(D95="Property dmg","Property Damage",IF(D95="Vehicle dmg","Vehicle Damage",D95)))) -> Theft | T95: =IF(J95>K95,"SLA Breach","Within SLA") -> SLA Breach | U95: =IF(J95>K95,J95-K95,0) -> 3
A96: CLM000095 | B96: CUST00514 | C96: POL02659 | D96: Theft | E96: West | F96: 19847.02 | G96: 45918 | H96: 45929 | I96: Settled | J96: 11 | K96: 10 | L96: AGT059 | M96: Motor | N96: Fast Track | O96: =COUNTIF($A:$A,A96) -> 1 | P96: =IF(F96="","Missing Amount","Valid") -> Valid | Q96: =_xlfn.XLOOKUP(B96,Customers!$A:$A,Customers!$C:$C,"Not Found") -> West | R96: =IF(E96="",Q96,E96) -> West | S96: =IF(D96="Hospitalisation","Hospitalization",IF(D96="Medical Emerg.","Medical Emergency",IF(D96="Property dmg","Property Damage",IF(D96="Vehicle dmg","Vehicle Damage",D96)))) -> Theft | T96: =IF(J96>K96,"SLA Breach","Within SLA") -> SLA Breach | U96: =IF(J96>K96,J96-K96,0) -> 1
A97: CLM000096 | B97: CUST00351 | C97: POL00224 | D97: Accident | E97: Central | F97: 63824.19 | G97: 45769 | H97: 45792 | I97: Settled | J97: 23 | K97: 10 | L97: AGT025 | M97: Motor | N97: Manual Review | O97: =COUNTIF($A:$A,A97) -> 1 | P97: =IF(F97="","Missing Amount","Valid") -> Valid | Q97: =_xlfn.XLOOKUP(B97,Customers!$A:$A,Customers!$C:$C,"Not Found") -> South | R97: =IF(E97="",Q97,E97) -> Central | S97: =IF(D97="Hospitalisation","Hospitalization",IF(D97="Medical Emerg.","Medical Emergency",IF(D97="Property dmg","Property Damage",IF(D97="Vehicle dmg","Vehicle Damage",D97)))) -> Accident | T97: =IF(J97>K97,"SLA Breach","Within SLA") -> SLA Breach | U97: =IF(J97>K97,J97-K97,0) -> 13
A98: CLM000097 | B98: CUST01743 | C98: POL01765 | D98: Outpatient | E98: East | F98: 41909.45 | G98: 45810 | H98: 45822 | I98: Settled | J98: 12 | K98: 15 | L98: AGT036 | M98: Health | N98: Standard | O98: =COUNTIF($A:$A,A98) -> 1 | P98: =IF(F98="","Missing Amount","Valid") -> Valid | Q98: =_xlfn.XLOOKUP(B98,Customers!$A:$A,Customers!$C:$C,"Not Found") -> East | R98: =IF(E98="",Q98,E98) -> East | S98: =IF(D98="Hospitalisation","Hospitalization",IF(D98="Medical Emerg.","Medical Emergency",IF(D98="Property dmg","Property Damage",IF(D98="Vehicle dmg","Vehicle Damage",D98)))) -> Outpatient | T98: =IF(J98>K98,"SLA Breach","Within SLA") -> Within SLA | U98: =IF(J98>K98,J98-K98,0) -> 0
A99: CLM000098 | B99: CUST01360 | C99: POL01811 | D99: Baggage Loss | E99: East | F99: 9821.61 | G99: 45865 | H99: 45866 | I99: Settled | J99: 1 | K99: 7 | L99: AGT053 | M99: Travel | N99: Standard | O99: =COUNTIF($A:$A,A99) -> 1 | P99: =IF(F99="","Missing Amount","Valid") -> Valid | Q99: =_xlfn.XLOOKUP(B99,Customers!$A:$A,Customers!$C:$C,"Not Found") -> North | R99: =IF(E99="",Q99,E99) -> East | S99: =IF(D99="Hospitalisation","Hospitalization",IF(D99="Medical Emerg.","Medical Emergency",IF(D99="Property dmg","Property Damage",IF(D99="Vehicle dmg","Vehicle Damage",D99)))) -> Baggage Loss | T99: =IF(J99>K99,"SLA Breach","Within SLA") -> Within SLA | U99: =IF(J99>K99,J99-K99,0) -> 0
A100: CLM000099 | B100: CUST00595 | C100: POL00323 | D100: Baggage Loss | E100: North | F100: 53071.29 | G100: 45682 | I100: Pending | J100: 6 | K100: 7 | L100: AGT063 | M100: Travel | N100: Standard | O100: =COUNTIF($A:$A,A100) -> 1 | P100: =IF(F100="","Missing Amount","Valid") -> Valid | Q100: =_xlfn.XLOOKUP(B100,Customers!$A:$A,Customers!$C:$C,"Not Found") -> East | R100: =IF(E100="",Q100,E100) -> North | S100: =IF(D100="Hospitalisation","Hospitalization",IF(D100="Medical Emerg.","Medical Emergency",IF(D100="Property dmg","Property Damage",IF(D100="Vehicle dmg","Vehicle Damage",D100)))) -> Baggage Loss | T100: =IF(J100>K100,"SLA Breach","Within SLA") -> Within SLA | U100: =IF(J100>K100,J100-K100,0) -> 0
...

Sheet Customers
A1: Customer_ID | B1: Customer_Segment | C1: Customer_Region | D1: Customer_Tenure_Years
A2: CUST00001 | B2: Affluent | C2: North | D2: 7
A3: CUST00002 | B3: Retail | C3: West | D3: 5
A4: CUST00003 | B4: Affluent | C4: Central | D4: 11
A5: CUST00004 | B5: Retail | C5: West | D5: 14
A6: CUST00005 | B6: Retail | C6: South | D6: 6
A7: CUST00006 | B7: Corporate | C7: North | D7: 16
A8: CUST00007 | B8: Affluent | C8: Central | D8: 13
A9: CUST00008 | B9: Affluent | C9: Central | D9: 4
A10: CUST00009 | B10: Retail | C10: East | D10: 19
A11: CUST00010 | B11: Retail | C11: West | D11: 1
A12: CUST00011 | B12: Retail | C12: East | D12: 14
A13: CUST00012 | B13: Corporate | C13: South | D13: 9
... A2501: CUST02500 | B2501: Retail | C2501: East | D2501: 8

Sheet Excel_Analysis
A1: Metric | B1: Value
A2: Total Claims | B2: =COUNTA(claims_raw!A:A)-1 -> 8000
A3: SLA Breach Claims | B3: =COUNTIFS(claims_raw!T:T,"SLA Breach") -> 4025
A4: Pending Claims | B4: =COUNTIFS(claims_raw!I:I,"Pending") -> 1125
A5: Settled Claims | B5: =COUNTIFS(claims_raw!I:I,"Settled") -> 5543
A6: Total Claim Amount | B6: =SUMIFS(claims_raw!F:F,claims_raw!P:P,"Valid") -> 1.0953208e+09
A10: Region | B10: Total Claims | C10: SLA Breaches | D10: Breach Rate
A11: North | B11: =COUNTIFS(claims_raw!R:R,A11) -> 1718 | C11: =COUNTIFS(claims_raw!R:R,A11,claims_raw!T:T,"SLA Breach") -> 823 | D11: =C11/B11 -> 0.4790454
A12: South | B12: =COUNTIFS(claims_raw!R:R,A12) -> 1763 | C12: =COUNTIFS(claims_raw!R:R,A12,claims_raw!T:T,"SLA Breach") -> 738 | D12: =C12/B12 -> 0.41860465
A13: East | B13: =COUNTIFS(claims_raw!R:R,A13) -> 1459 | C13: =COUNTIFS(claims_raw!R:R,A13,claims_raw!T:T,"SLA Breach") -> 977 | D13: =C13/B13 -> 0.66963674
A14: West | B14: =COUNTIFS(claims_raw!R:R,A14) -> 1872 | C14: =COUNTIFS(claims_raw!R:R,A14,claims_raw!T:T,"SLA Breach") -> 792 | D14: =C14/B14 -> 0.42307692
A15: Central | B15: =COUNTIFS(claims_raw!R:R,A15) -> 1188 | C15: =COUNTIFS(claims_raw!R:R,A15,claims_raw!T:T,"SLA Breach") -> 695 | D15: =C15/B15 -> 0.58501684
A17: Workflow | B17: Average Processing Days | C17: SLA Breach Claims | D17: SLA Breach Rate
A18: Standard | B18: =AVERAGEIFS(claims_raw!J:J,claims_raw!N:N,A18) -> 11.94783 | C18: =COUNTIFS(claims_raw!N:N,A18,claims_raw!T:T,"SLA Breach") -> 1569 | D18: =COUNTIFS(claims_raw!N:N,A18,claims_raw!T:T,"SLA Breach")/COUNTIFS(claims_raw!N:N,A18) -> 0.36218837
A19: Manual Review | B19: =AVERAGEIFS(claims_raw!J:J,claims_raw!N:N,A19) -> 19.121696 | C19: =COUNTIFS(claims_raw!N:N,A19,claims_raw!T:T,"SLA Breach") -> 1457 | D19: =COUNTIFS(claims_raw!N:N,A19,claims_raw!T:T,"SLA Breach")/COUNTIFS(claims_raw!N:N,A19) -> 0.89551321
A20: Fraud Review | B20: =AVERAGEIFS(claims_raw!J:J,claims_raw!N:N,A20) -> 25.981572 | C20: =COUNTIFS(claims_raw!N:N,A20,claims_raw!T:T,"SLA Breach") -> 811 | D20: =COUNTIFS(claims_raw!N:N,A20,claims_raw!T:T,"SLA Breach")/COUNTIFS(claims_raw!N:N,A20) -> 0.9963145
A21: Fast Track | B21: =AVERAGEIFS(claims_raw!J:J,claims_raw!N:N,A21) -> 8.99185 | C21: =COUNTIFS(claims_raw!N:N,A21,claims_raw!T:T,"SLA Breach") -> 188 | D21: =COUNTIFS(claims_raw!N:N,A21,claims_raw!T:T,"SLA Breach")/COUNTIFS(claims_raw!N:N,A21) -> 0.15321923
A23: Policy Type | B23: Total Claim Amount
A24: Health | B24: =SUMIFS(claims_raw!F:F,claims_raw!M:M,A24,claims_raw!P:P,"Valid") -> 2.3729068e+08
A25: Motor | B25: =SUMIFS(claims_raw!F:F,claims_raw!M:M,A25,claims_raw!P:P,"Valid") -> 1.816592e+08
A26: Travel | B26: =SUMIFS(claims_raw!F:F,claims_raw!M:M,A26,claims_raw!P:P,"Valid") -> 37744577
A27: Home | B27: =SUMIFS(claims_raw!F:F,claims_raw!M:M,A27,claims_raw!P:P,"Valid") -> 1.6686288e+08
A28: Life | B28: =SUMIFS(claims_raw!F:F,claims_raw!M:M,A28,claims_raw!P:P,"Valid") -> 4.717635e+08
